INSERT INTO theater
VALUES  (1, '111 Nguyễn Văn Cừ, Q.5', '3HDC-Nguyễn Văn Cừ', '0000'),
        (2, 'Kí túc xá khu B, Đông Hòa, Dĩ An', '3HDC-KTX', '1111'),
        (3, 'Khoa học tự nhiên, Linh Trung, Thủ Đức', '3HDC-Linh Trung', '22222');
INSERT INTO room (id, room_number,theater_id)
VALUES  (1,101, 1),
        (2,102, 1),
        (3,101, 2),
        (4,102, 2),
        (5,101, 3),
        (6,102, 3),
        (7, 103, 1);
INSERT INTO seat (id, category, seat_number, room_id)
VALUES  (1, 'Standard', 'A1', 1),
        (2, 'Standard', 'B1', 1),
        (3, 'Standard', 'C1', 1),
        (4, 'Standard', 'D1', 1),
        (5, 'Standard', 'E1', 1),
        (6, 'Standard', 'F1', 1),
        (7, 'Standard', 'G1', 1),
        (8, 'Standard', 'H1', 1),
        (9, 'Standard', 'A2', 1),
        (10, 'Standard', 'B2', 1),
        (11, 'Standard', 'C2', 1),
        (12, 'Standard', 'D2', 1),
        (13, 'Standard', 'E2', 1),
        (14, 'Standard', 'F2', 1),
        (15, 'Standard', 'G2', 1),
        (16, 'Standard', 'H2', 1),
        (17, 'Standard', 'A3', 1),
        (18, 'Standard', 'B3', 1),
        (19, 'Standard', 'C3', 1),
        (20, 'Standard', 'D3', 1),
        (21, 'Standard', 'E3', 1),
        (22, 'Standard', 'F3', 1),
        (23, 'Standard', 'G3', 1),
        (24, 'Standard', 'H3', 1),
        (25, 'Standard', 'A4', 1),
        (26, 'Standard', 'B4', 1),
        (27, 'Standard', 'C4', 1),
        (28, 'Standard', 'D4', 1),
        (29, 'Standard', 'E4', 1),
        (30, 'Standard', 'F4', 1),
        (31, 'Standard', 'G4', 1),
        (32, 'Standard', 'H4', 1),
        (33, 'Standard', 'A5', 1),
        (34, 'Standard', 'B5', 1),
        (35, 'Standard', 'C5', 1),
        (36, 'Standard', 'D5', 1),
        (37, 'Standard', 'E5', 1),
        (38, 'Standard', 'F5', 1),
        (39, 'Standard', 'G5', 1),
        (40, 'Standard', 'H5', 1),
        (41, 'Standard', 'A6', 1),
        (42, 'Standard', 'B6', 1),
        (43, 'Standard', 'C6', 1),
        (44, 'Standard', 'D6', 1),
        (45, 'Standard', 'E6', 1),
        (46, 'Standard', 'F6', 1),
        (47, 'Standard', 'G6', 1),
        (48, 'Standard', 'H6', 1),
        (49, 'Standard', 'A7', 1),
        (50, 'Standard', 'B7', 1),
        (51, 'Standard', 'C7', 1),
        (52, 'Standard', 'D7', 1),
        (53, 'Standard', 'E7', 1),
        (54, 'Standard', 'F7', 1),
        (55, 'Standard', 'G7', 1),
        (56, 'Standard', 'H7', 1),
        (57, 'Standard', 'A8', 1),
        (58, 'Standard', 'B8', 1),
        (59, 'Standard', 'C8', 1),
        (60, 'Standard', 'D8', 1),
        (61, 'Standard', 'E8', 1),
        (62, 'Standard', 'F8', 1),
        (63, 'Standard', 'G8', 1),
        (64, 'Standard', 'H8', 1),
        (65, 'Standard', 'A9', 1),
        (66, 'Standard', 'B9', 1),
        (67, 'Standard', 'C9', 1),
        (68, 'Standard', 'D9', 1),
        (69, 'Standard', 'E9', 1),
        (70, 'Standard', 'F9', 1),
        (71, 'Standard', 'G9', 1),
        (72, 'Standard', 'H9', 1),
        (73, 'Standard', 'A10', 1),
        (74, 'Standard', 'B10', 1),
        (75, 'Standard', 'C10', 1),
        (76, 'Standard', 'D10', 1),
        (77, 'Standard', 'E10', 1),
        (78, 'Standard', 'F10', 1),
        (79, 'Standard', 'G10', 1),
        (80, 'Standard', 'H10', 1),
        (81, 'Couple', 'I1', 1),
        (82, 'Couple', 'J1', 1),
        (83, 'Couple', 'I2', 1),
        (84, 'Couple', 'J2', 1),
        (85, 'Couple', 'I3', 1),
        (86, 'Couple', 'J3', 1),
        (87, 'Couple', 'I4', 1),
        (88, 'Couple', 'J4', 1),
        (89, 'Couple', 'I5', 1),
        (90, 'Couple', 'J5', 1),
        (91, 'Standard', 'A1', 2),
        (92, 'Standard', 'B1', 2),
        (93, 'Standard', 'C1', 2),
        (94, 'Standard', 'D1', 2),
        (95, 'Standard', 'E1', 2),
        (96, 'Standard', 'F1', 2),
        (97, 'Standard', 'G1', 2),
        (98, 'Standard', 'H1', 2),
        (99, 'Standard', 'A2', 2),
        (100, 'Standard', 'B2', 2),
        (101, 'Standard', 'C2', 2),
        (102, 'Standard', 'D2', 2),
        (103, 'Standard', 'E2', 2),
        (104, 'Standard', 'F2', 2),
        (105, 'Standard', 'G2', 2),
        (106, 'Standard', 'H2', 2),
        (107, 'Standard', 'A3', 2),
        (108, 'Standard', 'B3', 2),
        (109, 'Standard', 'C3', 2),
        (110, 'Standard', 'D3', 2),
        (111, 'Standard', 'E3', 2),
        (112, 'Standard', 'F3', 2),
        (113, 'Standard', 'G3', 2),
        (114, 'Standard', 'H3', 2),
        (115, 'Standard', 'A4', 2),
        (116, 'Standard', 'B4', 2),
        (117, 'Standard', 'C4', 2),
        (118, 'Standard', 'D4', 2),
        (119, 'Standard', 'E4', 2),
        (120, 'Standard', 'F4', 2),
        (121, 'Standard', 'G4', 2),
        (122, 'Standard', 'H4', 2),
        (123, 'Standard', 'A5', 2),
        (124, 'Standard', 'B5', 2),
        (125, 'Standard', 'C5', 2),
        (126, 'Standard', 'D5', 2),
        (127, 'Standard', 'E5', 2),
        (128, 'Standard', 'F5', 2),
        (129, 'Standard', 'G5', 2),
        (130, 'Standard', 'H5', 2),
        (131, 'Standard', 'A6', 2),
        (132, 'Standard', 'B6', 2),
        (133, 'Standard', 'C6', 2),
        (134, 'Standard', 'D6', 2),
        (135, 'Standard', 'E6', 2),
        (136, 'Standard', 'F6', 2),
        (137, 'Standard', 'G6', 2),
        (138, 'Standard', 'H6', 2),
        (139, 'Standard', 'A7', 2),
        (140, 'Standard', 'B7', 2),
        (141, 'Standard', 'C7', 2),
        (142, 'Standard', 'D7', 2),
        (143, 'Standard', 'E7', 2),
        (144, 'Standard', 'F7', 2),
        (145, 'Standard', 'G7', 2),
        (146, 'Standard', 'H7', 2),
        (147, 'Standard', 'A8', 2),
        (148, 'Standard', 'B8', 2),
        (149, 'Standard', 'C8', 2),
        (150, 'Standard', 'D8', 2),
        (151, 'Standard', 'E8', 2),
        (152, 'Standard', 'F8', 2),
        (153, 'Standard', 'G8', 2),
        (154, 'Standard', 'H8', 2),
        (155, 'Standard', 'A9', 2),
        (156, 'Standard', 'B9', 2),
        (157, 'Standard', 'C9', 2),
        (158, 'Standard', 'D9', 2),
        (159, 'Standard', 'E9', 2),
        (160, 'Standard', 'F9', 2),
        (161, 'Standard', 'G9', 2),
        (162, 'Standard', 'H9', 2),
        (163, 'Standard', 'A10', 2),
        (164, 'Standard', 'B10', 2),
        (165, 'Standard', 'C10', 2),
        (166, 'Standard', 'D10', 2),
        (167, 'Standard', 'E10', 2),
        (168, 'Standard', 'F10', 2),
        (169, 'Standard', 'G10', 2),
        (170, 'Standard', 'H10', 2),
        (171, 'Couple', 'I1', 2),
        (172, 'Couple', 'J1', 2),
        (173, 'Couple', 'I2', 2),
        (174, 'Couple', 'J2', 2),
        (175, 'Couple', 'I3', 2),
        (176, 'Couple', 'J3', 2),
        (177, 'Couple', 'I4', 2),
        (178, 'Couple', 'J4', 2),
        (179, 'Couple', 'I5', 2),
        (180, 'Couple', 'J5', 2),
        (181, 'Standard', 'A1', 3),
        (182, 'Standard', 'B1', 3),
        (183, 'Standard', 'C1', 3),
        (184, 'Standard', 'D1', 3),
        (185, 'Standard', 'E1', 3),
        (186, 'Standard', 'F1', 3),
        (187, 'Standard', 'G1', 3),
        (188, 'Standard', 'H1', 3),
        (189, 'Standard', 'A2', 3),
        (190, 'Standard', 'B2', 3),
        (191, 'Standard', 'C2', 3),
        (192, 'Standard', 'D2', 3),
        (193, 'Standard', 'E2', 3),
        (194, 'Standard', 'F2', 3),
        (195, 'Standard', 'G2', 3),
        (196, 'Standard', 'H2', 3),
        (197, 'Standard', 'A3', 3),
        (198, 'Standard', 'B3', 3),
        (199, 'Standard', 'C3', 3),
        (200, 'Standard', 'D3', 3),
        (201, 'Standard', 'E3', 3),
        (202, 'Standard', 'F3', 3),
        (203, 'Standard', 'G3', 3),
        (204, 'Standard', 'H3', 3),
        (205, 'Standard', 'A4', 3),
        (206, 'Standard', 'B4', 3),
        (207, 'Standard', 'C4', 3),
        (208, 'Standard', 'D4', 3),
        (209, 'Standard', 'E4', 3),
        (210, 'Standard', 'F4', 3),
        (211, 'Standard', 'G4', 3),
        (212, 'Standard', 'H4', 3),
        (213, 'Standard', 'A5', 3),
        (214, 'Standard', 'B5', 3),
        (215, 'Standard', 'C5', 3),
        (216, 'Standard', 'D5', 3),
        (217, 'Standard', 'E5', 3),
        (218, 'Standard', 'F5', 3),
        (219, 'Standard', 'G5', 3),
        (220, 'Standard', 'H5', 3),
        (221, 'Standard', 'A6', 3),
        (222, 'Standard', 'B6', 3),
        (223, 'Standard', 'C6', 3),
        (224, 'Standard', 'D6', 3),
        (225, 'Standard', 'E6', 3),
        (226, 'Standard', 'F6', 3),
        (227, 'Standard', 'G6', 3),
        (228, 'Standard', 'H6', 3),
        (229, 'Standard', 'A7', 3),
        (230, 'Standard', 'B7', 3),
        (231, 'Standard', 'C7', 3),
        (232, 'Standard', 'D7', 3),
        (233, 'Standard', 'E7', 3),
        (234, 'Standard', 'F7', 3),
        (235, 'Standard', 'G7', 3),
        (236, 'Standard', 'H7', 3),
        (237, 'Standard', 'A8', 3),
        (238, 'Standard', 'B8', 3),
        (239, 'Standard', 'C8', 3),
        (240, 'Standard', 'D8', 3),
        (241, 'Standard', 'E8', 3),
        (242, 'Standard', 'F8', 3),
        (243, 'Standard', 'G8', 3),
        (244, 'Standard', 'H8', 3),
        (245, 'Standard', 'A9', 3),
        (246, 'Standard', 'B9', 3),
        (247, 'Standard', 'C9', 3),
        (248, 'Standard', 'D9', 3),
        (249, 'Standard', 'E9', 3),
        (250, 'Standard', 'F9', 3),
        (251, 'Standard', 'G9', 3),
        (252, 'Standard', 'H9', 3),
        (253, 'Standard', 'A10', 3),
        (254, 'Standard', 'B10', 3),
        (255, 'Standard', 'C10', 3),
        (256, 'Standard', 'D10', 3),
        (257, 'Standard', 'E10', 3),
        (258, 'Standard', 'F10', 3),
        (259, 'Standard', 'G10', 3),
        (260, 'Standard', 'H10', 3),
        (261, 'Couple', 'I1', 3),
        (262, 'Couple', 'J1', 3),
        (263, 'Couple', 'I2', 3),
        (264, 'Couple', 'J2', 3),
        (265, 'Couple', 'I3', 3),
        (266, 'Couple', 'J3', 3),
        (267, 'Couple', 'I4', 3),
        (268, 'Couple', 'J4', 3),
        (269, 'Couple', 'I5', 3),
        (270, 'Couple', 'J5', 3),
        (271, 'Standard', 'A1', 4),
        (272, 'Standard', 'B1', 4),
        (273, 'Standard', 'C1', 4),
        (274, 'Standard', 'D1', 4),
        (275, 'Standard', 'E1', 4),
        (276, 'Standard', 'F1', 4),
        (277, 'Standard', 'G1', 4),
        (278, 'Standard', 'H1', 4),
        (279, 'Standard', 'A2', 4),
        (280, 'Standard', 'B2', 4),
        (281, 'Standard', 'C2', 4),
        (282, 'Standard', 'D2', 4),
        (283, 'Standard', 'E2', 4),
        (284, 'Standard', 'F2', 4),
        (285, 'Standard', 'G2', 4),
        (286, 'Standard', 'H2', 4),
        (287, 'Standard', 'A3', 4),
        (288, 'Standard', 'B3', 4),
        (289, 'Standard', 'C3', 4),
        (290, 'Standard', 'D3', 4),
        (291, 'Standard', 'E3', 4),
        (292, 'Standard', 'F3', 4),
        (293, 'Standard', 'G3', 4),
        (294, 'Standard', 'H3', 4),
        (295, 'Standard', 'A4', 4),
        (296, 'Standard', 'B4', 4),
        (297, 'Standard', 'C4', 4),
        (298, 'Standard', 'D4', 4),
        (299, 'Standard', 'E4', 4),
        (300, 'Standard', 'F4', 4),
        (301, 'Standard', 'G4', 4),
        (302, 'Standard', 'H4', 4),
        (303, 'Standard', 'A5', 4),
        (304, 'Standard', 'B5', 4),
        (305, 'Standard', 'C5', 4),
        (306, 'Standard', 'D5', 4),
        (307, 'Standard', 'E5', 4),
        (308, 'Standard', 'F5', 4),
        (309, 'Standard', 'G5', 4),
        (310, 'Standard', 'H5', 4),
        (311, 'Standard', 'A6', 4),
        (312, 'Standard', 'B6', 4),
        (313, 'Standard', 'C6', 4),
        (314, 'Standard', 'D6', 4),
        (315, 'Standard', 'E6', 4),
        (316, 'Standard', 'F6', 4),
        (317, 'Standard', 'G6', 4),
        (318, 'Standard', 'H6', 4),
        (319, 'Standard', 'A7', 4),
        (320, 'Standard', 'B7', 4),
        (321, 'Standard', 'C7', 4),
        (322, 'Standard', 'D7', 4),
        (323, 'Standard', 'E7', 4),
        (324, 'Standard', 'F7', 4),
        (325, 'Standard', 'G7', 4),
        (326, 'Standard', 'H7', 4),
        (327, 'Standard', 'A8', 4),
        (328, 'Standard', 'B8', 4),
        (329, 'Standard', 'C8', 4),
        (330, 'Standard', 'D8', 4),
        (331, 'Standard', 'E8', 4),
        (332, 'Standard', 'F8', 4),
        (333, 'Standard', 'G8', 4),
        (334, 'Standard', 'H8', 4),
        (335, 'Standard', 'A9', 4),
        (336, 'Standard', 'B9', 4),
        (337, 'Standard', 'C9', 4),
        (338, 'Standard', 'D9', 4),
        (339, 'Standard', 'E9', 4),
        (340, 'Standard', 'F9', 4),
        (341, 'Standard', 'G9', 4),
        (342, 'Standard', 'H9', 4),
        (343, 'Standard', 'A10', 4),
        (344, 'Standard', 'B10', 4),
        (345, 'Standard', 'C10', 4),
        (346, 'Standard', 'D10', 4),
        (347, 'Standard', 'E10', 4),
        (348, 'Standard', 'F10', 4),
        (349, 'Standard', 'G10', 4),
        (350, 'Standard', 'H10', 4),
        (351, 'Couple', 'I1', 4),
        (352, 'Couple', 'J1', 4),
        (353, 'Couple', 'I2', 4),
        (354, 'Couple', 'J2', 4),
        (355, 'Couple', 'I3', 4),
        (356, 'Couple', 'J3', 4),
        (357, 'Couple', 'I4', 4),
        (358, 'Couple', 'J4', 4),
        (359, 'Couple', 'I5', 4),
        (360, 'Couple', 'J5', 4),
        (361, 'Standard', 'A1', 5),
        (362, 'Standard', 'B1', 5),
        (363, 'Standard', 'C1', 5),
        (364, 'Standard', 'D1', 5),
        (365, 'Standard', 'E1', 5),
        (366, 'Standard', 'F1', 5),
        (367, 'Standard', 'G1', 5),
        (368, 'Standard', 'H1', 5),
        (369, 'Standard', 'A2', 5),
        (370, 'Standard', 'B2', 5),
        (371, 'Standard', 'C2', 5),
        (372, 'Standard', 'D2', 5),
        (373, 'Standard', 'E2', 5),
        (374, 'Standard', 'F2', 5),
        (375, 'Standard', 'G2', 5),
        (376, 'Standard', 'H2', 5),
        (377, 'Standard', 'A3', 5),
        (378, 'Standard', 'B3', 5),
        (379, 'Standard', 'C3', 5),
        (380, 'Standard', 'D3', 5),
        (381, 'Standard', 'E3', 5),
        (382, 'Standard', 'F3', 5),
        (383, 'Standard', 'G3', 5),
        (384, 'Standard', 'H3', 5),
        (385, 'Standard', 'A4', 5),
        (386, 'Standard', 'B4', 5),
        (387, 'Standard', 'C4', 5),
        (388, 'Standard', 'D4', 5),
        (389, 'Standard', 'E4', 5),
        (390, 'Standard', 'F4', 5),
        (391, 'Standard', 'G4', 5),
        (392, 'Standard', 'H4', 5),
        (393, 'Standard', 'A5', 5),
        (394, 'Standard', 'B5', 5),
        (395, 'Standard', 'C5', 5),
        (396, 'Standard', 'D5', 5),
        (397, 'Standard', 'E5', 5),
        (398, 'Standard', 'F5', 5),
        (399, 'Standard', 'G5', 5),
        (400, 'Standard', 'H5', 5),
        (401, 'Standard', 'A6', 5),
        (402, 'Standard', 'B6', 5),
        (403, 'Standard', 'C6', 5),
        (404, 'Standard', 'D6', 5),
        (405, 'Standard', 'E6', 5),
        (406, 'Standard', 'F6', 5),
        (407, 'Standard', 'G6', 5),
        (408, 'Standard', 'H6', 5),
        (409, 'Standard', 'A7', 5),
        (410, 'Standard', 'B7', 5),
        (411, 'Standard', 'C7', 5),
        (412, 'Standard', 'D7', 5),
        (413, 'Standard', 'E7', 5),
        (414, 'Standard', 'F7', 5),
        (415, 'Standard', 'G7', 5),
        (416, 'Standard', 'H7', 5),
        (417, 'Standard', 'A8', 5),
        (418, 'Standard', 'B8', 5),
        (419, 'Standard', 'C8', 5),
        (420, 'Standard', 'D8', 5),
        (421, 'Standard', 'E8', 5),
        (422, 'Standard', 'F8', 5),
        (423, 'Standard', 'G8', 5),
        (424, 'Standard', 'H8', 5),
        (425, 'Standard', 'A9', 5),
        (426, 'Standard', 'B9', 5),
        (427, 'Standard', 'C9', 5),
        (428, 'Standard', 'D9', 5),
        (429, 'Standard', 'E9', 5),
        (430, 'Standard', 'F9', 5),
        (431, 'Standard', 'G9', 5),
        (432, 'Standard', 'H9', 5),
        (433, 'Standard', 'A10', 5),
        (434, 'Standard', 'B10', 5),
        (435, 'Standard', 'C10', 5),
        (436, 'Standard', 'D10', 5),
        (437, 'Standard', 'E10', 5),
        (438, 'Standard', 'F10', 5),
        (439, 'Standard', 'G10', 5),
        (440, 'Standard', 'H10', 5),
        (441, 'Couple', 'I1', 5),
        (442, 'Couple', 'J1', 5),
        (443, 'Couple', 'I2', 5),
        (444, 'Couple', 'J2', 5),
        (445, 'Couple', 'I3', 5),
        (446, 'Couple', 'J3', 5),
        (447, 'Couple', 'I4', 5),
        (448, 'Couple', 'J4', 5),
        (449, 'Couple', 'I5', 5),
        (450, 'Couple', 'J5', 5),
        (451, 'Standard', 'A1', 6),
        (452, 'Standard', 'B1', 6),
        (453, 'Standard', 'C1', 6),
        (454, 'Standard', 'D1', 6),
        (455, 'Standard', 'E1', 6),
        (456, 'Standard', 'F1', 6),
        (457, 'Standard', 'G1', 6),
        (458, 'Standard', 'H1', 6),
        (459, 'Standard', 'A2', 6),
        (460, 'Standard', 'B2', 6),
        (461, 'Standard', 'C2', 6),
        (462, 'Standard', 'D2', 6),
        (463, 'Standard', 'E2', 6),
        (464, 'Standard', 'F2', 6),
        (465, 'Standard', 'G2', 6),
        (466, 'Standard', 'H2', 6),
        (467, 'Standard', 'A3', 6),
        (468, 'Standard', 'B3', 6),
        (469, 'Standard', 'C3', 6),
        (470, 'Standard', 'D3', 6),
        (471, 'Standard', 'E3', 6),
        (472, 'Standard', 'F3', 6),
        (473, 'Standard', 'G3', 6),
        (474, 'Standard', 'H3', 6),
        (475, 'Standard', 'A4', 6),
        (476, 'Standard', 'B4', 6),
        (477, 'Standard', 'C4', 6),
        (478, 'Standard', 'D4', 6),
        (479, 'Standard', 'E4', 6),
        (480, 'Standard', 'F4', 6),
        (481, 'Standard', 'G4', 6),
        (482, 'Standard', 'H4', 6),
        (483, 'Standard', 'A5', 6),
        (484, 'Standard', 'B5', 6),
        (485, 'Standard', 'C5', 6),
        (486, 'Standard', 'D5', 6),
        (487, 'Standard', 'E5', 6),
        (488, 'Standard', 'F5', 6),
        (489, 'Standard', 'G5', 6),
        (490, 'Standard', 'H5', 6),
        (491, 'Standard', 'A6', 6),
        (492, 'Standard', 'B6', 6),
        (493, 'Standard', 'C6', 6),
        (494, 'Standard', 'D6', 6),
        (495, 'Standard', 'E6', 6),
        (496, 'Standard', 'F6', 6),
        (497, 'Standard', 'G6', 6),
        (498, 'Standard', 'H6', 6),
        (499, 'Standard', 'A7', 6),
        (500, 'Standard', 'B7', 6),
        (501, 'Standard', 'C7', 6),
        (502, 'Standard', 'D7', 6),
        (503, 'Standard', 'E7', 6),
        (504, 'Standard', 'F7', 6),
        (505, 'Standard', 'G7', 6),
        (506, 'Standard', 'H7', 6),
        (507, 'Standard', 'A8', 6),
        (508, 'Standard', 'B8', 6),
        (509, 'Standard', 'C8', 6),
        (510, 'Standard', 'D8', 6),
        (511, 'Standard', 'E8', 6),
        (512, 'Standard', 'F8', 6),
        (513, 'Standard', 'G8', 6),
        (514, 'Standard', 'H8', 6),
        (515, 'Standard', 'A9', 6),
        (516, 'Standard', 'B9', 6),
        (517, 'Standard', 'C9', 6),
        (518, 'Standard', 'D9', 6),
        (519, 'Standard', 'E9', 6),
        (520, 'Standard', 'F9', 6),
        (521, 'Standard', 'G9', 6),
        (522, 'Standard', 'H9', 6),
        (523, 'Standard', 'A10', 6),
        (524, 'Standard', 'B10', 6),
        (525, 'Standard', 'C10', 6),
        (526, 'Standard', 'D10', 6),
        (527, 'Standard', 'E10', 6),
        (528, 'Standard', 'F10', 6),
        (529, 'Standard', 'G10', 6),
        (530, 'Standard', 'H10', 6),
        (531, 'Couple', 'I1', 6),
        (532, 'Couple', 'J1', 6),
        (533, 'Couple', 'I2', 6),
        (534, 'Couple', 'J2', 6),
        (535, 'Couple', 'I3', 6),
        (536, 'Couple', 'J3', 6),
        (537, 'Couple', 'I4', 6),
        (538, 'Couple', 'J4', 6),
        (539, 'Couple', 'I5', 6),
        (540, 'Couple', 'J5', 6),
        (541, 'Standard', 'A1', 7),
        (542, 'Standard', 'B1', 7),
        (543, 'Standard', 'C1', 7),
        (544, 'Standard', 'D1', 7),
        (545, 'Standard', 'E1', 7),
        (546, 'Standard', 'F1', 7),
        (547, 'Standard', 'G1', 7),
        (548, 'Standard', 'H1', 7),
        (549, 'Standard', 'A2', 7),
        (550, 'Standard', 'B2', 7),
        (551, 'Standard', 'C2', 7),
        (552, 'Standard', 'D2', 7),
        (553, 'Standard', 'E2', 7),
        (554, 'Standard', 'F2', 7),
        (555, 'Standard', 'G2', 7),
        (556, 'Standard', 'H2', 7),
        (557, 'Standard', 'A3', 7),
        (558, 'Standard', 'B3', 7),
        (559, 'Standard', 'C3', 7),
        (560, 'Standard', 'D3', 7),
        (561, 'Standard', 'E3', 7),
        (562, 'Standard', 'F3', 7),
        (563, 'Standard', 'G3', 7),
        (564, 'Standard', 'H3', 7),
        (565, 'Standard', 'A4', 7),
        (566, 'Standard', 'B4', 7),
        (567, 'Standard', 'C4', 7),
        (568, 'Standard', 'D4', 7),
        (569, 'Standard', 'E4', 7),
        (570, 'Standard', 'F4', 7),
        (571, 'Standard', 'G4', 7),
        (572, 'Standard', 'H4', 7),
        (573, 'Standard', 'A5', 7),
        (574, 'Standard', 'B5', 7),
        (575, 'Standard', 'C5', 7),
        (576, 'Standard', 'D5', 7),
        (577, 'Standard', 'E5', 7),
        (578, 'Standard', 'F5', 7),
        (579, 'Standard', 'G5', 7),
        (580, 'Standard', 'H5', 7),
        (581, 'Standard', 'A6', 7),
        (582, 'Standard', 'B6', 7),
        (583, 'Standard', 'C6', 7),
        (584, 'Standard', 'D6', 7),
        (585, 'Standard', 'E6', 7),
        (586, 'Standard', 'F6', 7),
        (587, 'Standard', 'G6', 7),
        (588, 'Standard', 'H6', 7),
        (589, 'Standard', 'A7', 7),
        (590, 'Standard', 'B7', 7),
        (591, 'Standard', 'C7', 7),
        (592, 'Standard', 'D7', 7),
        (593, 'Standard', 'E7', 7),
        (594, 'Standard', 'F7', 7),
        (595, 'Standard', 'G7', 7),
        (596, 'Standard', 'H7', 7),
        (597, 'Standard', 'A8', 7),
        (598, 'Standard', 'B8', 7),
        (599, 'Standard', 'C8', 7),
        (600, 'Standard', 'D8', 7),
        (601, 'Standard', 'E8', 7),
        (602, 'Standard', 'F8', 7),
        (603, 'Standard', 'G8', 7),
        (604, 'Standard', 'H8', 7),
        (605, 'Standard', 'A9', 7),
        (606, 'Standard', 'B9', 7),
        (607, 'Standard', 'C9', 7),
        (608, 'Standard', 'D9', 7),
        (609, 'Standard', 'E9', 7),
        (610, 'Standard', 'F9', 7),
        (611, 'Standard', 'G9', 7),
        (612, 'Standard', 'H9', 7),
        (613, 'Standard', 'A10', 7),
        (614, 'Standard', 'B10', 7),
        (615, 'Standard', 'C10', 7),
        (616, 'Standard', 'D10', 7),
        (617, 'Standard', 'E10', 7),
        (618, 'Standard', 'F10', 7),
        (619, 'Standard', 'G10', 7),
        (620, 'Standard', 'H10', 7),
        (621, 'Couple', 'I1', 7),
        (622, 'Couple', 'J1', 7),
        (623, 'Couple', 'I2', 7),
        (624, 'Couple', 'J2', 7),
        (625, 'Couple', 'I3', 7),
        (626, 'Couple', 'J3', 7),
        (627, 'Couple', 'I4', 7),
        (628, 'Couple', 'J4', 7),
        (629, 'Couple', 'I5', 7),
        (630, 'Couple', 'J5', 7);
INSERT INTO movie (id, cast, director, duration, genre, language, opening_day, poster, rated, status, story, title, trailer)
VALUES  (1, 'Greg Han Hsu, Gingle Wang', 'Wei Hao Cheng', 130, 'Drama', 'Chinese', '2023-04-07', 'http://booking.bhdstar.vn/CDN/media/entity/get/FilmPosterGraphic/HO00002654?referenceScheme=HeadOffice&allowPlaceHolder=true&height=500', 'T13', 'Over', 'Ming-Han, một sĩ quan cảnh sát nhiệt huyết, trong quá trình truy bắt tội phạm đã tìm thấy một phong bì cưới màu đỏ và chủ nhân của nó là hồn ma Mao-Mao với nguyện vọng phải được kết hôn với một sĩ quan cảnh sát trước khi tái sinh...', 'MARRY MY DEAD ', 'https://www.youtube.com/embed/S2kymv60ndQ'),
        (2, 'Henry Golding, Noomi Repace', 'Camille Delamarre', 109, 'Action', 'English', '2023-04-07', 'http://booking.bhdstar.vn/CDN/media/entity/get/FilmPosterGraphic/HO00002661?referenceScheme=HeadOffice&allowPlaceHolder=true&height=500', 'T13', 'Over', 'Bảy tên sát thủ vô tình bị thiết lập trong một trò chơi sống còn. Morgan Gaines- một sát thủ chuyên nghiệp có nhiệm vụ phải giết bảy người,Morgan phát hiện ra bảy "mục tiêu" cũng là bảy sát thủ nặng ký. Lối thoát duy nhất cho Morgan là tìm ra kẻ chủ mưu..', 'ASSASSIN CLUB', 'https://www.youtube.com/embed/usYcScx3yMk'),
        (3, 'Chris Pratt, Anya Taylor-Joy', 'Aaron Horvath', 93, 'Animation', 'English', '2023-04-07', 'http://booking.bhdstar.vn/CDN/media/entity/get/FilmPosterGraphic/HO00002631?referenceScheme=HeadOffice&allowPlaceHolder=true&height=500', 'T13', 'Over', 'Theo chân anh chàng thợ sửa ống nước tên Mario cùng công chúa Peach của Vương quốc Nấm trong cuộc phiêu lưu giải cứu anh trai Luigi đang bị bắt cóc và ngăn chặn tên độc tài Bowser, kẻ đang âm mưu thôn tính thế giới', 'THE SUPER MARIO BROS. MOVIE', 'https://www.youtube.com/embed/wODah30-agA'),
        (4, 'Baipor Thitiya Jirapornsilp, Tony Anthony Buisseret', 'Waew Waewwan Hongvivatana', 121, 'Drama', 'English', '2023-04-07', 'http://booking.bhdstar.vn/CDN/media/entity/get/FilmPosterGraphic/HO00002669?referenceScheme=HeadOffice&allowPlaceHolder=true&height=500', 'T13', 'Over', 'Hai chị em sinh đôi "You" và "Me"có ngoại hình và sở thích giống hệt nhau,thân thiết đến mức họ có thể chia sẻ mọi khía cạnh trong cuộc sống,cho đến khi một cậu bé - "mối tình đầu" của họ xuất hiện và đặt ra những thử thách khó khăn cho mối quan hệ của họ', 'YOU & ME & ME ', 'https://www.youtube.com/embed/S2kymv60ndQ'),
        (5, 'Amelia Henderson, Alif Satar', 'Eu  Ho', 112, 'Horror', 'Chinese', '2023-03-31', 'http://booking.bhdstar.vn/CDN/media/entity/get/FilmPosterGraphic/HO00002673?referenceScheme=HeadOffice&allowPlaceHolder=true&height=500', 'T18', 'Over', 'Kỳ nghỉ của nhóm bạn trẻ biến thành cơn ác mộng kinh hoàng sau khi họ thua một cuộc cá cược,họ buộc phải qua đêm tại một đảo hoang, khi tình cờ đến một ngôi làng bị bỏ hoang bí ẩn ở đó, họ đã phá vỡ câu thần chú cũ được đặt để kiềm chế một linh hồn tàn ác', 'PULAU ', 'https://www.youtube.com/embed/S2kymv60ndQ'),
        (6, 'Võ Tấn Phát, Hoàng  Oanh', 'Tạ Nguyên Hiệp', 104, 'Comedy', 'Vietnamese', '2023-03-31', 'http://booking.bhdstar.vn/CDN/media/entity/get/FilmPosterGraphic/HO00002633?referenceScheme=HeadOffice&allowPlaceHolder=true&height=500', 'T13', 'Over', 'Xoay quanh bộ đôi Khuê và Phong. Sau lần chạm trán tình cờ, bộ đôi lôi kéo gia đình Bảy Cục tham gia vào phi vụ đặc biệt: Đánh tráo chiếc vòng đính hôn bằng kim cương quí giá và lật tẩy bộ mặt thật của Tuấn-chồng cũ của Khuê...', 'BIỆT ĐỘI RẤT ỔN', 'https://www.youtube.com/embed/6qZbBiL65cI'),
        (7, 'Nadezhda Kaleganova, Viktor Dobronravov', 'Dmitriy Suvorov', 96, 'Drama', 'English', '2023-03-31', 'http://booking.bhdstar.vn/CDN/media/entity/get/FilmPosterGraphic/HO00002580?referenceScheme=HeadOffice&allowPlaceHolder=true&height=500', 'T13', 'Over', 'Cặp vợ chồng mới cưới Larisa và Vladimir trở về nhà từ tuần trăng mật ở Blagoveshchensk và bị va chạm máy bay, Larisa phải vật lộn với cái đói cái lạnh và động vật hoang dã săn mồi. Liệu Larisa có tìm được vị hôn phu và cùng sống sót trở về ?', 'THE ONE', 'https://www.youtube.com/embed/S2kymv60ndQ'),
        (8, 'Kim Da-Mi, Woo-Seok Byeon', 'Young-Keun Min', 124, 'Drama', 'English', '2023-03-24', 'http://booking.bhdstar.vn/CDN/media/entity/get/FilmPosterGraphic/HO00002611?referenceScheme=HeadOffice&allowPlaceHolder=true&height=500', 'T13', 'Over', 'Mi So và Ha Eun trong một mối quan hệ chồng chéo chất chứa những hạnh phúc, rung động và biệt ly. Từ giây phút gặp nhau , hai cô gái đã hình thành sợi dây liên kết đặc biệt nhưng mối quan hệ của họ rạn nứt khi một chàng trai xuất hiện...', 'SOULMATE', 'https://www.youtube.com/embed/pGAFcV97dpw'),
        (9, 'Má Thị Di', 'Hà Lệ Diễm', 93, 'Documentary', 'Vietnamese', '2023-03-17', 'http://booking.bhdstar.vn/CDN/media/entity/get/FilmPosterGraphic/HO00002676?referenceScheme=HeadOffice&allowPlaceHolder=true&height=500', 'T13', 'Over', 'Di, một cô gái trẻ nhiệt huyết đến từ cộng đồng người Mông bị mắc kẹt giữa truyền thống "kéo vợ" và mong muốn được tiếp tục sống thời thơ ấu và đến trường đi học , liệu với trái tim trong sáng ấy , Di sẽ đối diện với xã hội ấy như thế nào...?
', 'NHỮNG ĐỨA TRẺ TRONG SƯƠNG', 'https://www.youtube.com/embed/S2kymv60ndQ'),
        (10, 'Mạc Văn Khoa, Anh Tú', 'Võ Thanh Hòa', 112, 'Comedy', 'Vietnamese', '2023-03-03', 'http://booking.bhdstar.vn/CDN/media/entity/get/FilmPosterGraphic/HO00002593?referenceScheme=HeadOffice&allowPlaceHolder=true&height=500', 'P', 'Over', 'Khoa, một tên lừa đảo tới Phú Quốc với mục tiêu đổi đời. Không ngờ đây là sân nhà của Tú, một tên lừa đảo chuyên nghiệp, cả hai bắt tay cùng thực hiện một phi vụ siêu lớn và mục tiêu là các quý bà giàu có và đam mê sự nổi tiếng', 'SIÊU LỪA GẶP SIÊU LẦY', 'https://www.youtube.com/embed/xy8RznX_uyM'),
        (11, 'Viola Davis', 'Ben  Affleck', 112, 'Drama', 'English', '2023-04-14', 'http://booking.bhdstar.vn/CDN/media/entity/get/FilmPosterGraphic/HO00002670?referenceScheme=HeadOffice&allowPlaceHolder=true&height=500', 'T13', 'Over', 'Bí mật trong mối quan hệ hợp tác lịch sử giữa Nike và một vận động viên bóng rổ vĩ đại.Cả hai đã cho ra mắt thương hiệu Air Jordan đình đám và theo chân Sonny Vaccaro- saleman của Nike trong hành trình tiếp cận và đánh cược cả sự nghiệp vào Michael Jordan', 'AIR', 'https://www.youtube.com/embed/S2kymv60ndQ'),
        (12, 'Thái Hòa, Thu  Trang', 'Vũ  Ngọc Đãng', 100, '', 'Vietnamese', '2023-04-28', 'http://booking.bhdstar.vn/CDN/media/entity/get/FilmPosterGraphic/HO00002650?referenceScheme=HeadOffice&allowPlaceHolder=true&height=500', 'T13', 'Over', 'Là câu chuyện của Nhót - Người phụ nữ "chưa kịp già" đã sắp bị mãn kinh, vội vàng đi tìm chồng. Nhưng sâu thẳm trong cô là khao khát muốn có một đứa con và luôn muốn hàn gắn với người cha suốt ngày say xỉn của mình', 'CHUYỆN XÓM TUI : CON NHÓT MÓT CHỒNG', 'https://www.youtube.com/embed/qehxOMR-rFQ'),
        (13, 'Chris Pine, Michelle Rodriguez', 'John Francis Daley', 134, 'Adventure', 'English', '2023-04-21', 'http://booking.bhdstar.vn/CDN/media/entity/get/FilmPosterGraphic/HO00002629?referenceScheme=HeadOffice&allowPlaceHolder=true&height=500', 'T13', 'Over', 'Theo chân một tên trộm quyến rũ và một nhóm những kẻ bịp bợm nghiệp dư thực hiện vụ trộm sử thi nhằm lấy lại một di vật đã mất, nhưng mọi thứ trở nên nguy hiểm khó lường hơn bao giờ hết khi họ đã chạm trám nhầm người...', 'DUNGEONS & DRAGONS: HONOR AMONG THIEVES ', 'https://www.youtube.com/embed/iTZJ-uwIZxg'),
        (14, 'Leah Lewis, Mamoudou Athie', 'Peter Sohn', 93, 'Animation', 'English', '2023-06-16', 'http://booking.bhdstar.vn/CDN/media/entity/get/FilmPosterGraphic/HO00002677?referenceScheme=HeadOffice&allowPlaceHolder=true&height=500', 'T13', 'Over', 'Ember, một cô nàng cá tính, thông minh, mạnh mẽ và đầy sức hút. Tuy nhiên mối quan hệ của cô với Wade- một anh chàng hài hước, luôn thuận thế đẩy dòng - khiến Ember cảm thấy ngờ vực với thế giới này...', 'ELEMENTAL', 'https://www.youtube.com/embed/K19bf6ButD4'),
        (15, 'Chris  Pratt, Zoe Saldana', 'James  Gunn', 119, 'Adventure', 'English', '2023-05-03', 'http://booking.bhdstar.vn/CDN/media/entity/get/FilmPosterGraphic/HO00002647?referenceScheme=HeadOffice&allowPlaceHolder=true&height=500', 'P', 'Over', 'Cho dù vũ trụ này có bao la đến đâu, các Vệ Binh của chúng ta cũng không thể trốn chạy mãi mãi...', 'GUARDIANS OF THE GALAXY 3', 'https://www.youtube.com/watch?v=Pp6reH8bpZ8'),
        (16, 'Duy Khánh, Quốc Cường', 'Lý  Hải', 132, 'Action', 'Vietnames', '2023-04-28', 'http://booking.bhdstar.vn/CDN/media/entity/get/FilmPosterGraphic/HO00002653?referenceScheme=HeadOffice&allowPlaceHolder=true&height=500', 'T13', 'Over', 'Nhóm bạn thân lâu năm bất ngờ nhận được cơ hội đổi đời khi biết tấm vé của cả nhóm trúng giải độc đắc 136.8 tỷ. Đột nhiên An,người giữ tấm vé bất ngờ qua đời, liệu trong hành trình tìm kiếm và chia chác món tiền trong mơ béo bở này sẽ đưa cả nhóm đến đâu?', 'LẬT MẶT 6', 'https://www.youtube.com/watch?v=tpjjd7usfnA'),
        (17, 'Riku Hagiwara, Yusei Yagi', '', 98, 'Animation', 'Japanese', '2023-04-14', 'http://booking.bhdstar.vn/CDN/media/entity/get/FilmPosterGraphic/HO00002651?referenceScheme=HeadOffice&allowPlaceHolder=true&height=500', 'T13', 'Over', 'Hira, 17 tuổi, cố gắng ẩn mình ở trường, không bao giờ muốn phơi bày tật nói lắp của mình với các bạn cùng lớp. Anh ấy nhìn thế giới qua ống kính máy ảnh của mình, cho đến một ngày Kiyoi Sou bước qua cửa lớp...', 'MY BEAUTIFUL MAN MOVIE: SPECIAL EDITION', 'https://www.youtube.com/embed/S2kymv60ndQ'),
        (18, 'Nicolas  Cage, Nicholas Hoult', 'Chris McKay', 95, 'Horror', 'English', '2023-04-14', 'http://booking.bhdstar.vn/CDN/media/entity/get/FilmPosterGraphic/HO00002656?referenceScheme=HeadOffice&allowPlaceHolder=true&height=500', 'T13', 'Over', 'Renfield bị buộc phải bắt con mồi về cho chủ nhân và thực hiện mọi mệnh lệnh, kể cả những việc nhục nhã. Nhưng giờ đây, sau nhiều thế kỷ làm nô lệ, Renfield đã sẵn sàng để khám phá cuộc sống bên ngoài cái bóng của Hoàng Tử Bóng Đêm...', 'RENFIELD', 'https://www.youtube.com/watch?v=_hO0vGwqClM'),
        (19, 'Daniel Lascar', 'Alessandro Antonaci', 93, 'Horror', 'English', '2023-04-21', 'http://booking.bhdstar.vn/CDN/media/entity/get/FilmPosterGraphic/HO00002666?referenceScheme=HeadOffice&allowPlaceHolder=true&height=500', 'T13', 'Over', 'Trở về nhà sau mất mát của cha mẹ, Emma vô tình giải phóng những linh hồn quá khứ mắc kẹt trong chiếc radio cổ. Vô số câu chuyện bí ẩn lần lượt được vạch trần, liệu Emma sẽ tỉnh táo đối mặt hay cô sẽ bị nhấn chìm bởi quỹ dữ ?', 'SOUND OF SILENCE', 'https://www.youtube.com/embed/S2kymv60ndQ'),
        (20, 'Ben  Affleck, Michael Shannon', 'Andy  Muschietti', 120, 'Action', 'English', '2023-06-16', 'http://booking.bhdstar.vn/CDN/media/entity/get/FilmPosterGraphic/HO00002648?referenceScheme=HeadOffice&allowPlaceHolder=true&height=500', 'T13', 'Over', 'Mùa hè này, đa thế giới sẽ va chạm khốc liệt với những bước chạy của FLASH', 'THE FLASH ', 'https://www.youtube.com/watch?v=uXhf8LJq55Q'),
        (21, 'Michelle Yeoh, Dominique Fishback', 'Steven Caple Jr.', 112, 'Action', 'English', '2023-06-09', 'http://booking.bhdstar.vn/CDN/media/entity/get/FilmPosterGraphic/HO00002678?referenceScheme=HeadOffice&allowPlaceHolder=true&height=500', 'T13', 'Over', 'Bộ phim dựa trên sự kiện Beast Wars trong loạt phim hoạt hình "Transformers", nơi mà các robot có khả năng biến thành động vật khổng lồ cùng chiến đấu chống lại một mối đe dọa tiềm tàng', 'TRANSFORMERS: RISE OF THE BEASTS', 'https://www.youtube.com/watch?v=gR2pkm9XVAY'),
        (22, 'Russell Crowe, Daniel Zovatto', 'Julius Avery', 104, 'Horror', 'English', '2023-04-14', 'http://booking.bhdstar.vn/CDN/media/entity/get/FilmPosterGraphic/HO00002665?referenceScheme=HeadOffice&allowPlaceHolder=true&height=500', 'T13', 'Over', 'Từ những hồ sơ có thật của Cha Gabriele Amorth, Trưởng Trừ Tà của Vatican, "The Popes Exorcist" theo chân Amorth trong cuộc điều tra về vụ quỷ ám kinh hoàng của một cậu bé và dần khám phá ra những bí mật hàng thế kỉ mà Vatican đã cố giấu kín...', 'THE POPES EXORCIST', 'https://www.youtube.com/embed/S2kymv60ndQ'),
        (23, 'Ca sĩ Mỹ Tâm', 'MỸ TÂM', 106, 'Musical', 'English', '2023-04-08', 'http://booking.bhdstar.vn/CDN/media/entity/get/FilmPosterGraphic/HO00002663?referenceScheme=HeadOffice&allowPlaceHolder=true&height=500', 'T13', 'Over', 'Mỹ Tâm sẽ phác họa chân thực toàn bộ những diễn biến tâm lý và cảm xúc thăng trầm cùng những thăng hoa trong suốt quá trình thực hiện Liveshow "Tri Âm" lịch sử bằng những thước phim quý giá được quay lại trong 2 năm...', 'NGƯỜI GIỮ THỜI GIAN : TRI ÂM ', 'https://www.youtube.com/embed/8BdO_M8bUZo'),
        (24, 'Chris Pine, Evan Peters', ' Chris Buck, Fawn Veerasunthorn', 94, ' Animation', 'English', '2023-11-24', 'https://booking.bhdstar.vn/CDN/media/entity/get/FilmPosterGraphic/HO00002839/?referenceScheme=HeadOffice&allowPlaceHolder=true&height=500', 'P', 'Ongoing', 'Điều ước sẽ đi theo cô gái trẻ Asha, người ước nguyện dưới vì sao và nhận được nhiều hơn mong đợi khi một ngôi sao rắc rối từ trên trời rơi xuống để đồng hành cùng cô. Cô sẽ đối mặt với những kẻ thù ghê gớm nhất vũ trụ và phải hợp sức với Star...', 'WISH', 'https://youtu.be/oyRxxpD3yNw?si=jRSACbctdNf5FrgM'),
        (25, 'Phương Anh Đào, Miu Lê', ' Thắng Vũ', 114, 'Drama', 'Vietnamese', '2023-11-24', 'https://booking.bhdstar.vn/CDN/media/entity/get/FilmPosterGraphic/HO00002733/?referenceScheme=HeadOffice&allowPlaceHolder=true&height=500', 'T18', 'Ongoing', 'Người vợ của một gia đình thượng lưu thuê cô bảo mẫu “trong mơ” để chăm sóc con trai mình. Nhưng cô không ngờ rằng, phía sau sự trong sáng, tinh khiết kia, cô bảo mẫu luôn che giấu âm mưu nhằm phá hoại hạnh phúc gia đình và khiến cuộc sống của cô thay đổi', 'CHIẾM ĐOẠT', 'https://youtu.be/7fxTYETyjDw?si=LmqFU9ikDj1r91a6'),
        (26, 'Brie Larson, Samuel L. Jackson', 'Nia DaCosta', 104, 'Adventure', 'English', '2023-11-10', 'https://booking.bhdstar.vn/CDN/media/entity/get/FilmPosterGraphic/HO00002701/?referenceScheme=HeadOffice&allowPlaceHolder=true&height=500', 'T13', 'Ongoing', 'Carol Danvers bị vướng vào sức mạnh của Kamala Khan và Monica Rambeau, buộc họ phải hợp tác với nhau để cứu vũ trụ', 'THE MARVEL', 'https://youtu.be/uwmDH12MAA4?si=zbhNQIIS_kYlkuVR'),
        (27, ' Lâm Triết Hy, Trương Ninh', 'Lester Hsi', 101, ' Horror', 'Chinese', '2023-11-24', 'https://booking.bhdstar.vn/CDN/media/entity/get/FilmPosterGraphic/HO00002834/?referenceScheme=HeadOffice&allowPlaceHolder=true&height=500', 'T16', 'Ongoing', 'Một ngôi trường có cấu trúc xây dựng hình nghịch bát quái nhằm bẫy những linh hồn vất vưởng để tránh chúng phá hoại. Nhưng không ngờ điều này đã khiến sinh viên chứng kiến nhiều chuyện kì quái khó tin, ngôi trường dần dà trở nên ma mị và nhiều âm khí...', 'THE BRIDGE CURSE 2: RITUAL', 'https://youtu.be/oe6jTUhD_p4?si=APFmmX7jmGuFK9NZ'),
        (28, 'Song Joong Ki, Kim Hyeong Seo', ' Kim Chang Hoon', 123, 'Crime', 'Korean', '2023-11-17', 'https://booking.bhdstar.vn/CDN/media/entity/get/FilmPosterGraphic/HO00002821/?referenceScheme=HeadOffice&allowPlaceHolder=true&height=500', 'T18', 'Ongoing', 'Sinh ra và lớn lên tại nơi không có lấy một tia sáng hy vọng, Yeon Gyu quyết tâm phải thoát khỏi chốn địa ngục này. Cậu tình cờ gặp được Chi Geon - một người có máu mặt trong tổ chức tội phạm. Liệu Yeon Gyu có thoát khỏi thế giới đầy rẫy nguy hiểm không?', 'HOPELESS', 'https://youtu.be/R-Dw6aI6lvY?si=92dQFChN7MzNA6FU'),
        (29, 'SHINEE BAND', ' Lee Hubin', 111, 'Documentary', 'Korean', '2023-11-24', 'https://booking.bhdstar.vn/CDN/media/entity/get/FilmPosterGraphic/HO00002820/?referenceScheme=HeadOffice&allowPlaceHolder=true&height=500', 'P', 'Ongoing', 'Như một món quà kỷ niệm 15 năm ra mắt, MY SHINee WORLD sẽ mang đến những khoảnh khắc của SHINee cùng người hâm mộ suốt hơn một thập kỷ qua và lần theo từng chặng đường của SHINee dưới góc nhìn của SHINee WORLD.', 'MY SHINEE WORLD', null),
        (30, 'Hoàng Hà, NSUT Chiều Xuân, Võ Điền Gia Huy', 'Trần Hữu Tấn', 100, 'Horror', 'Vietnamese', '2023-12-08', 'https://booking.bhdstar.vn/CDN/media/entity/get/FilmPosterGraphic/HO00002853/?referenceScheme=HeadOffice&allowPlaceHolder=true&height=500', 'T18', 'Upcoming', 'Hàng loạt cái chết bí ẩn tại một ngôi làng nơi tồn tại ma thuật tà ác cổ xưa: 5 mạng sống đổi lấy một chai Rượu Sọ Người. Bộ phim đưa người xem quay ngược thời gian khám phá những cái chết rùng rợn và sự hiện diện của các thế lực đen tối đang hoành hành.', 'KẺ ĂN HỒN', 'https://youtu.be/Ac5PuRpFeRU?si=Ex-OF0JVihEhG2-m'),
        (31, 'Elizabeth Banks, Carol Kane', 'Benjamin Renner', 110, 'Animation', 'English', '2023-12-29', 'https://booking.bhdstar.vn/CDN/media/entity/get/FilmPosterGraphic/HO00002759/?referenceScheme=HeadOffice&allowPlaceHolder=true&height=500', 'P', 'Upcoming', 'Cùng theo chân một gia đình vịt trời gồm vịt bố, vịt mẹ, cậu con trai Dax và vịt út Gwen, trong lần đầu tiên trải nghiệm chuyến di cư tiến về phía nam để trú đông. Với khung cảnh rực rỡ sắc trời thu tại một chiếc ao ở New England.', 'MIGRATION', 'https://youtu.be/ItiZ_j-tu0I?si=7B2h_yEDER8jUFI6'),
        (32, 'Vanessa Kirby, Joaquin Phoenix', 'Ridley Scott', 158, 'Action/ Adventure', 'Frech', '2023-12-01', 'https://booking.bhdstar.vn/CDN/media/entity/get/FilmPosterGraphic/HO00002846/?referenceScheme=HeadOffice&allowPlaceHolder=true&height=500', 'T18', 'Upcoming', 'Một thiên anh hùng ca kể về sự trỗi dậy và sụp đổ đầy trắc trở của Hoàng đế Pháp Napoléon Bonaparte và hành trình không ngừng nghỉ của ông để giành quyền lực qua lăng kính của mối quan hệ gây nghiện và đầy biến động với vợ mình, Josephine...', 'NAPOLEON', 'https://youtu.be/LIsfMO5Jd_w?si=iRyUSaUp-EPEfkOb');