INSERT INTO theater
VALUES  (1, '111 Nguyễn Văn Cừ, Q.5', '3HDC-Nguyễn Văn Cừ', '0000'),
        (2, 'Kí túc xá khu B, Đông Hòa, Dĩ An', '3HDC-KTX', '1111'),
        (3, 'Khoa học tự nhiên, Linh Trung, Thủ Đức', '3HDC-Linh Trung', '22222');
INSERT INTO room (id, room_number,theater_id)
VALUES  (1,101, 1),
        (2,102, 1),
        (3,101, 2),
        (4,102, 2),
        (5,101, 3),
        (6,102, 3),
        (7, 103, 1);
insert into ticketify.user (id, display_name, email, password, role)
values  (1, 'Hermann Brunelleschi', 'hbrunelleschi0@nifty.com', '$2a$10$sMF3zs/MAh739IIBW/JonuQ1/szEMC.NhZjtmn9BZaId/8gdNl2Wu', 'ROLE_CUSTOMER'),
        (2, 'Nanette Coucha', 'ncoucha1@amazonaws.com', '$2a$10$DY1MnxK4aEZw2nPMNGpB4.5R1yfOFEfJYks2E4B6aMnaUzHWcU1de', 'ROLE_CUSTOMER'),
        (3, 'Greta Junifer', 'gjunifer2@microsoft.com', '$2a$10$kwn2BCy1TzUHLO2WNs2HX.fXaEWABtEsPxu8Al2kneVJ6t.0PZW1u', 'ROLE_CUSTOMER'),
        (4, 'Darcee Trudgeon', 'dtrudgeon3@yellowpages.com', '$2a$10$6GI1NVntTLrP7mf/CkcmqukQDro9tqWWPmPxVqOZbBy9PVJGQO7qO', 'ROLE_CUSTOMER'),
        (5, 'Herby Rojahn', 'hrojahn4@slate.com', '$2a$10$NyMkVnSDI3cQ91VY1WSmTucTikDNk1Vj6RiOxn1s.EvCkDfMdtPn.', 'ROLE_CUSTOMER'),
        (6, 'Tuesday Lougheed', 'tlougheed5@ask.com', '$2a$10$q22CgSGQNUFeptWjPej36uVdZC//MlMNEuMp/tayogt0OgwSZ8oAy', 'ROLE_CUSTOMER'),
        (7, 'Alleen Versey', 'aversey6@dedecms.com', '$2a$10$uMoMZiTkwK4gRMR6o.ghE.7E/4ny5IZhoN2SWQ7lQ2/SxNPKtS1RC', 'ROLE_CUSTOMER'),
        (8, 'Dael Steade', 'dsteade7@livejournal.com', '$2a$10$mtk6pG0MBC.j5KmPnJ5tLeW4FRJTtLV0wc19cJnpcjbOVzZoxzLWa', 'ROLE_CUSTOMER'),
        (9, 'Rabbi Croxley', 'rcroxley8@surveymonkey.com', '$2a$10$to7yLL3ijjQz7vUosY307ezNfKqb32rOPUBUbVut.kPPS9KQ30trO', 'ROLE_CUSTOMER'),
        (10, 'Vi Madders', 'vmadders9@google.com.hk', '$2a$10$oAVHsv3PDjZQ13DXbYgQjuywZdsjA6hteIYqmxwqENSoXxh7g4YRC', 'ROLE_CUSTOMER'),
        (11, 'Shermie Pamplin', 'spamplina@si.edu', '$2a$10$XENKgT8ZuDKGRYr96BulX.eOTRnrcUma3CvS4sN6W3h.sM53WYzTS', 'ROLE_CUSTOMER'),
        (12, 'Margalo Antham', 'manthamb@bloglines.com', '$2a$10$4tHYbQBIQLYvZ0Mprwt/zettktnzcEoQaXLMOD6BU1j7WSKCNSdPO', 'ROLE_CUSTOMER'),
        (13, 'Merry Reignolds', 'mreignoldsc@army.mil', '$2a$10$ZcpvtX2AjkBHhsu/ZuJFCuaq484SDae6pNtvYRwmblinvAUq0aAeS', 'ROLE_CUSTOMER'),
        (14, 'Ronna Stuke', 'rstuked@samsung.com', '$2a$10$tPA7sprybcwybRvK0d1dTO8CulXma/aqprUgMWsY/RxxuDtxeRPYG', 'ROLE_CUSTOMER'),
        (15, 'Sacha Moggle', 'smogglee@fastcompany.com', '$2a$10$kPeYTtSh6lzPwD7UDaQ/cOtjwDm4ME9Wwwvf2pWdSX///pN4HxAES', 'ROLE_CUSTOMER'),
        (16, 'Daisie Lafranconi', 'dlafranconif@edublogs.org', '$2a$10$ottKdasWOzmjzrgmA8yYzej5gJKHXT0FGh9CG.qgrjH03lKdPRxx2', 'ROLE_CUSTOMER'),
        (17, 'Merrick McIan', 'mmciang@stanford.edu', '$2a$10$7.foEPhK4pAl1kSnJbNi1.tZFeQ3YXRXRfoZybx4ULlDaafAWojTO', 'ROLE_CUSTOMER'),
        (18, 'Chuck Lias', 'cliash@nsw.gov.au', '$2a$10$7vJCandX5rM9c86KxoxSMOG3f9lRBnSh6/H3B7zvo.oV4VowCi/Rm', 'ROLE_CUSTOMER'),
        (19, 'Andi Castelot', 'acasteloti@wp.com', '$2a$10$wMDqsm7Pu4JHuwVwusyvW.3I11ycgiJhVCNdcv88f.Jwpe4jhoTqO', 'ROLE_CUSTOMER'),
        (20, 'Orville Lammenga', 'olammengaj@springer.com', '$2a$10$QnhyQnSGs9ExA/2eMMGTR.ktlFjln6ypJDsxX8NwWp8kHFhh.t7zW', 'ROLE_CUSTOMER'),
        (21, 'Aubrette Panchen', 'apanchenk@loc.gov', '$2a$10$BFIRhkgp5D1MgpaPJ33BCOdWbQYBkLPRoHgcM7bXz9EcxlqPAdNqe', 'ROLE_CUSTOMER'),
        (22, 'Darryl Galton', 'dgaltonl@drupal.org', '$2a$10$P/j6YjpqzR5VrtCJlNqZJ.Ya4IVcKcqGsHbllEK1ByvvPkLzN2WIG', 'ROLE_CUSTOMER'),
        (23, 'Deloris Gutcher', 'dgutcherm@deviantart.com', '$2a$10$2ipGUaCBp9YT6HVoxpPTEeo5qb833Z0Trr2s1YvaSLLlbV0tL9nMe', 'ROLE_CUSTOMER'),
        (24, 'Toinette Murrow', 'tmurrown@disqus.com', '$2a$10$KWW/.jk5H/Z/m5A5y0gqqedwbETJT0/rDNuo0wMkga7yRQXdpaK.6', 'ROLE_CUSTOMER'),
        (25, 'Elinore Loughran', 'eloughrano@squarespace.com', '$2a$10$Laq7uOP2IHa4kTGDx9dx7upoa/J3af6JZaxx8ndRvCfllJrIG1Sr6', 'ROLE_CUSTOMER'),
        (26, 'Wenda Pecht', 'wpechtp@rambler.ru', '$2a$10$UaIVHXByHojGOpdPzyRgoef4PYPwGMNvguHRCfPkWsZfsNRE9KYVa', 'ROLE_CUSTOMER'),
        (27, 'Zulema Gething', 'zgethingq@discuz.net', '$2a$10$8KTREHNuGhLCnboe.1.Yh.P98raBCvv3EhP8tjIciQju3RXU60AZK', 'ROLE_CUSTOMER'),
        (28, 'Billy Bubear', 'bbubearr@reuters.com', '$2a$10$3umPHPqerechlG0uy7kvJeDurc8VxwkPoov851C8a/U6zu/CJA9pa', 'ROLE_CUSTOMER'),
        (29, 'Philly Cantillion', 'pcantillions@mysql.com', '$2a$10$7nldfyw8dx9VejD052/L3.mtVsXCrn3K6WvZQH5nCgwl1jexbR7Zm', 'ROLE_CUSTOMER'),
        (30, 'Augie Airds', 'aairdst@cocolog-nifty.com', '$2a$10$hxZOZ0NTKi7jD.zM8t9gCe996rUfe3U82R5PKJK.m7t2QTgkvrII2', 'ROLE_CUSTOMER'),
        (31, 'Annabell Acreman', 'aacremanu@apache.org', '$2a$10$j1ilwTfpeEdHeqVq/eN9kuhuuZeIRk4jhiqN4uJaZCIVYXbo4MlrO', 'ROLE_CUSTOMER'),
        (32, 'Bobby Casale', 'bcasalev@usnews.com', '$2a$10$yd/gnpa23MWXH51w3Oqy8u.mKjUOfBovY1dnRmlYrBcBEs5.VCmyK', 'ROLE_CUSTOMER'),
        (33, 'Juliana Hansill', 'jhansillw@berkeley.edu', '$2a$10$IxtNI5TtPvkbmAWvSfac2OjrE0SYXROXk/Kn993L2fUqVwJYj3aDi', 'ROLE_CUSTOMER'),
        (34, 'Tressa Float', 'tfloatx@clickbank.net', '$2a$10$tea8PWRsA3qpAr6W.8SPZOSwJCSvzin5bzdTwB2h6UCqXFkV2tUGK', 'ROLE_CUSTOMER'),
        (35, 'Addie Jentle', 'ajentley@washingtonpost.com', '$2a$10$fQKhfmbQ6Pvt0qPt6IFSne98jlh5tnYTJxv5qLFvKBF.mFy7IdTp.', 'ROLE_CUSTOMER'),
        (36, 'Albie Swainger', 'aswaingerz@quantcast.com', '$2a$10$3Zi2yfKSTx3t9oaA3MWLj.ubfQ4AhtAcUTIRItJxiGbJZi0z9XjMC', 'ROLE_CUSTOMER'),
        (37, 'Bennett Oakwell', 'boakwell10@hostgator.com', '$2a$10$YK0tcwbUcmY1FPKDfRmwAOstKa7033EzRRkCIJhUTq9M44WGBSWuG', 'ROLE_CUSTOMER'),
        (38, 'Olwen Whyke', 'owhyke11@slideshare.net', '$2a$10$JpgjbXxmFnTiagEo6p3N1O0rww07FHcg9.ecyPXqCDEwUknRT3ox2', 'ROLE_CUSTOMER'),
        (39, 'Dorrie Summerly', 'dsummerly12@cloudflare.com', '$2a$10$oxH8YcovS/pJFDD6Qu4Z1.jntehEy2vkPjt9E5z.Us7N.RCkgF4SC', 'ROLE_CUSTOMER'),
        (40, 'Zsazsa Shawyers', 'zshawyers13@digg.com', '$2a$10$FwV9Gtkc3d4csRmd5dfSKOb03yLXbLdDr3qQTyR1l18v78fywuCyW', 'ROLE_CUSTOMER'),
        (41, 'Adriana Kimmings', 'akimmings14@dropbox.com', '$2a$10$NpruG6mFX30/T8Wfir07JO/A5e5Aq5AkKRUePLGwdVMziiSbAvqZ.', 'ROLE_CUSTOMER'),
        (42, 'Trumaine Chalfain', 'tchalfain15@amazonaws.com', '$2a$10$jcnrx9.CDAUzwLIfNKvBnedrjgAnHlO7jkeMYWCE0uZ17e2z4CA.i', 'ROLE_CUSTOMER'),
        (43, 'Almire Brogioni', 'abrogioni16@umich.edu', '$2a$10$wgKtcN0z1RXy6HWjnDFI3.ETl5op7Au1Gh2R5wNvL7R21fam9BqdK', 'ROLE_CUSTOMER'),
        (44, 'Quincey Brompton', 'qbrompton17@techcrunch.com', '$2a$10$CeCXCGEikeGxLMBLzgZ8IuiFT5QAumFFLxjd4rtztxN67RN/8rPEe', 'ROLE_CUSTOMER'),
        (45, 'Caesar De Malchar', 'cde18@w3.org', '$2a$10$UKVSzYW4PhDr/6v6VjOVWuG97iBaC0ecNmKH3qAlZ4Wp9QkRW2Eva', 'ROLE_CUSTOMER'),
        (46, 'Ora Ferrey', 'oferrey19@omniture.com', '$2a$10$ZX/yZJcaoZod9OLIuHK3I.4PZPw6AqoVMl67QBq0KEWB9BTLf8cmm', 'ROLE_CUSTOMER'),
        (47, 'Halie Osipov', 'hosipov1a@aol.com', '$2a$10$zzmUdxF5eJ0I5CW/WHdfUOaDTES.nDxadijvwQUYBzGZENJYukWaO', 'ROLE_CUSTOMER'),
        (48, 'Normie Ackred', 'nackred1b@mayoclinic.com', '$2a$10$Qsr7m2WJ2Z.Z.jyKx0K2E.lrnSI.NT21f/laOd264az5VCC6Xljiu', 'ROLE_CUSTOMER'),
        (49, 'Sigismond Smallsman', 'ssmallsman1c@gizmodo.com', '$2a$10$mLlqqE8Melo6hwi37drZq..0HS5AGxZiv76TYo/0LSYPBHNnBBc8.', 'ROLE_CUSTOMER'),
        (50, 'James Bryers', 'jbryers1d@noaa.gov', '$2a$10$M0ikC/0nti/tGHuttB2MLe6d8Qsxi10yoF/FvNX1eBdRnO4VZm43C', 'ROLE_CUSTOMER'),
        (51, 'Yelena McOrkil', 'ymcorkil1e@bluehost.com', '$2a$10$0DQX7BGx.eaIae9eGG1JQ.s4N9ktaSGrzMlGxqAa7Owc40EA8pfsm', 'ROLE_CUSTOMER'),
        (52, 'Rustie Shrawley', 'rshrawley1f@ucoz.com', '$2a$10$RAPlHZG9Ut0YYWC4o3arAeg5bPEpDN5aXvElcfbpCKv3JswMpVaxW', 'ROLE_CUSTOMER'),
        (53, 'Barr Hearnshaw', 'bhearnshaw1g@hp.com', '$2a$10$K7SRHKq4i3pI6yJlKtryteneL/A8mLOaNPdCmXm503RTtpZSuMIfi', 'ROLE_CUSTOMER'),
        (54, 'Muffin Mussen', 'mmussen1h@springer.com', '$2a$10$XzwubkpqhLH3/yTiVCtUE.IX7.CdJd2aoYSGLO9eEfGca1jcHvhm6', 'ROLE_CUSTOMER'),
        (55, 'Hogan Strettle', 'hstrettle1i@marketwatch.com', '$2a$10$pcclHQ/k1WbE8gdJOyAWOOB9AuIsx9wV7MA7bQXEBYlcVfbKihLCu', 'ROLE_CUSTOMER'),
        (56, 'Sterling Bednall', 'sbednall1j@businessweek.com', '$2a$10$ChPMkU9677KzMnx5hIce4eHeN95MZkVYOW/tYPgEIaBOj6CGMqbDa', 'ROLE_CUSTOMER'),
        (57, 'Odell Ganforthe', 'oganforthe1k@walmart.com', '$2a$10$S83EbKw4hXyEtkSVYp5joeImSL59HuhuBW4WV.jku4mQPb/./8kua', 'ROLE_CUSTOMER'),
        (58, 'Farrel Seville', 'fseville1l@cbslocal.com', '$2a$10$EnYrL.SkBDeCvD/wuKVcV.UeMSO8P1HVr8VNoTpBJ2C/bcN4bvo6q', 'ROLE_CUSTOMER'),
        (59, 'Ibby Likly', 'ilikly1m@zdnet.com', '$2a$10$KGHgfAdInxeHQj8/jb78hufU6ahvGGHjBeEX86XpJMQdW6UEff2iG', 'ROLE_CUSTOMER'),
        (60, 'Kent Haversham', 'khaversham1n@netscape.com', '$2a$10$v0w69xx3/puK85iyy2FTheDTN9k4QV1eiB/jKy4getSBnU593y1W2', 'ROLE_CUSTOMER'),
        (61, 'Ardenia Nern', 'anern1o@bravesites.com', '$2a$10$FVfY0O1CqGOeZKXwJmo4YetnEFXqogMRsKNWpjT3QmYtSYD6tuEI6', 'ROLE_CUSTOMER'),
        (62, 'Pierrette Guilloud', 'pguilloud1p@forbes.com', '$2a$10$agiVqWxbL5MZwV9xkzIZouBnRoc3xNYPaUI7Qpc6FMncdlmZ80kgm', 'ROLE_CUSTOMER'),
        (63, 'Yoko Vernall', 'yvernall1q@mail.ru', '$2a$10$H6JCT1LVlK40XcqIaw78qOzliypif1DrRGggDNzUvzsstLCCWUq6.', 'ROLE_CUSTOMER'),
        (64, 'Daveen Revell', 'drevell1r@answers.com', '$2a$10$DVhIAEqthSZ.6I7nHwSqdOgZI.eq24Ui7wViH9PGUHMHKkjAi8aF2', 'ROLE_CUSTOMER'),
        (65, 'Sam Haldane', 'shaldane1s@house.gov', '$2a$10$gcDhs0ElnwmCMO0SB3CTXO8i4i41RdIuOKqn459wGgUb9QGh2KVKO', 'ROLE_CUSTOMER'),
        (66, 'Burr Leuren', 'bleuren1t@privacy.gov.au', '$2a$10$8L.xMEj4wy/g3tgxh.IYW.gQI8UGJsQdLFf03vPTJ8qCV6s.KK0IK', 'ROLE_CUSTOMER'),
        (67, 'Sher Haddon', 'shaddon1u@cmu.edu', '$2a$10$ISVden0ndbg2igdVL5jr3OFw7CgEUFFCKPX8mJu9xApfweU24lRjG', 'ROLE_CUSTOMER'),
        (68, 'Hallie Tytherton', 'htytherton1v@hubpages.com', '$2a$10$bQcqXq9Zq5ctWL/CS/UyKuCadLC6XP0/0dS2cMYajjgdshGWbhQI6', 'ROLE_CUSTOMER'),
        (69, 'Denys Prudence', 'dprudence1w@moonfruit.com', '$2a$10$kvs.2HwQ87KSS46Qw9vv5uuubbobF16Pu2WaLT5/iiKO1X7RWD7XW', 'ROLE_CUSTOMER'),
        (70, 'Teodoro Rhoades', 'trhoades1x@issuu.com', '$2a$10$EEc4xIKnWFzRZdgdSoVWye5DRJ9sqO9VcTjWXkrUHn2qeL4Xvevwi', 'ROLE_CUSTOMER'),
        (71, 'Jessy Franzonetti', 'jfranzonetti1y@reuters.com', '$2a$10$VbDhkO15WU5vJX.fp3IxH.usEQxAIyI8ruCO90iw.CQZ0BnOADcW.', 'ROLE_CUSTOMER'),
        (72, 'Alexandro Bole', 'abole1z@indiatimes.com', '$2a$10$vHjVL34F0DMWK89/WnRhd.6/yEHW5GcP3lyWGcrWXV88TqBaMoaii', 'ROLE_CUSTOMER'),
        (73, 'Hynda Medeway', 'hmedeway20@51.la', '$2a$10$Zflgh20JMrxqL4aZBShL8e9Qw/NEvuwdMU.sHf7dpjoMYUaiXMSyK', 'ROLE_CUSTOMER'),
        (74, 'Maurizia Garbutt', 'mgarbutt21@ucsd.edu', '$2a$10$nJnIaNIqKqdueSnw3l4IAevFy2V6ASMqTtMSqVz3H5gikpBzSd71W', 'ROLE_CUSTOMER'),
        (75, 'Ezmeralda Hopfner', 'ehopfner22@studiopress.com', '$2a$10$y3tkae5P8K7Xyw.PYHJpCeruNMFC23aTKOxo2fp0DDBiwsOmLkdbq', 'ROLE_CUSTOMER'),
        (76, 'Aeriel Quilleash', 'aquilleash23@myspace.com', '$2a$10$uZO4Ct8zBzIpAQdDeLpNguqvg4TqwOdtNWm9/zuf7yR9WMXGSfuBi', 'ROLE_CUSTOMER'),
        (77, 'Dorelia Loynton', 'dloynton24@amazon.co.uk', '$2a$10$lvRckrp9FKsDHV5C4.Y9BuzYfAf1eiKmz/avaIHDUwabUGnaSOveW', 'ROLE_CUSTOMER'),
        (78, 'Sauncho Winterburn', 'swinterburn25@tripod.com', '$2a$10$leNzkyJgQLBxvXPkLKMrseySFqEbVCb/3tYZx9.QCzdNnyb/uxtKq', 'ROLE_CUSTOMER'),
        (79, 'Alli Tethacot', 'atethacot26@apple.com', '$2a$10$3p2Znxn1ulMNP81w3/xLM.B4ceAxVCm6sNrqQfJkrQkk8G8fPB97a', 'ROLE_CUSTOMER'),
        (80, 'Lesley Hadley', 'lhadley27@yellowpages.com', '$2a$10$2OVW5AYd/JuXKxOW.B1ga.71mB5ahSrxWEpSN8gjO8MG0UO99L1TG', 'ROLE_CUSTOMER'),
        (81, 'Otha Fiddeman', 'ofiddeman28@mail.ru', '$2a$10$IHV5MKIrQl5jMAxr5qHD0OKndrrjrrRVN/vg.hgfUAXcCfJj6gCNi', 'ROLE_CUSTOMER'),
        (82, 'Oriana Gerriessen', 'ogerriessen29@scribd.com', '$2a$10$jaByxmyVaHAXpqrJHsnsMekfM0UF6PGIwg4ptDlLDbAyQ/1Xe72si', 'ROLE_CUSTOMER'),
        (83, 'Brendis Kimberly', 'bkimberly2a@marriott.com', '$2a$10$cmJsG66ykaCuogIk2D0SCefDyCPIzNgnyOWJD./xiwjT4Ts7iQjF6', 'ROLE_CUSTOMER'),
        (84, 'Myrta McKeveney', 'mmckeveney2b@sina.com.cn', '$2a$10$B2/lqISBk0/LTr.oyTsdOum3F02GRUhT/f8tI2LmYLLerzKUYpQBK', 'ROLE_CUSTOMER'),
        (85, 'Sammy De Few', 'sde2c@cbc.ca', '$2a$10$2x0ZT9DpfoyVtSJz6lit5O.lU5fCRLZtunMQ4oicmbWCAmwXJ6tSe', 'ROLE_CUSTOMER'),
        (86, 'Otha Gorries', 'ogorries2d@mediafire.com', '$2a$10$kjjxWuAoLitB9UNQLI9AE.8uf0cGWL5dd8Lyr2A3Q.IZXuy.zq.pm', 'ROLE_CUSTOMER'),
        (87, 'Irvine Moyes', 'imoyes2e@yellowbook.com', '$2a$10$ZpsdTEOyUhwWMxlK7p0nIew.1p93s7d4aZqog2F7qOp99ryEtBPnK', 'ROLE_CUSTOMER'),
        (88, 'Koressa Shelmardine', 'kshelmardine2f@mayoclinic.com', '$2a$10$Qe8DyGxEauMyzSh6rZpssudMdQVC1Ko5V9zfKbzTT2jRbzHos6/la', 'ROLE_CUSTOMER'),
        (89, 'Jessi Halsall', 'jhalsall2g@bbc.co.uk', '$2a$10$Znl.YOBLrtdHiUjnI7r0du0eSAywyCE62vIzrNeF5oal1XY1lWIx.', 'ROLE_CUSTOMER'),
        (90, 'Jimmy Shillito', 'jshillito2h@aboutads.info', '$2a$10$WnaqH/s6dfTI0MLQNzyoRO.7EUR6QjlJTUZP24WEySGkrq6vD39Lq', 'ROLE_CUSTOMER'),
        (91, 'Olwen Sisson', 'osisson2i@storify.com', '$2a$10$ScgSKpIvMJGWRyr7.SzThe82A6hRpcI.Cxt9pNxtarDGLRHHi5ss6', 'ROLE_CUSTOMER'),
        (92, 'Les Mordin', 'lmordin2j@stanford.edu', '$2a$10$tyBuOybv4QGbMObfQFNimOUZxsdiM82j7ArfCu/FZ/yFjCexR2rzS', 'ROLE_CUSTOMER'),
        (93, 'Almire Spelman', 'aspelman2k@businesswire.com', '$2a$10$8zXV.e4cjq2e8wpKUsfIqO/CB0jp/jcRaCbOgmBTkirYCeRl3erTq', 'ROLE_CUSTOMER'),
        (94, 'Margalo Sima', 'msima2l@soup.io', '$2a$10$YUClpjr6jAQTYjFSa0aU.erG/V7lWw8SeqO9qwjL26Sk7Va3ldrFe', 'ROLE_CUSTOMER'),
        (95, 'Perla Ringwood', 'pringwood2m@loc.gov', '$2a$10$4M72FfBf3etx3AKz32t2V.UueGAdSOCmtIK.ZncEy8/E6iOgj50im', 'ROLE_CUSTOMER'),
        (96, 'Wallie McGoon', 'wmcgoon2n@i2i.jp', '$2a$10$P2JgX3J9Hml.nJ9UdIN96ut7jrOSdT403CYc.h8.UL5rFVistX3t.', 'ROLE_CUSTOMER'),
        (97, 'Leisha Heinz', 'lheinz2o@umn.edu', '$2a$10$K1AQHW2YecolRxfweJ7eTupyUb2sJ7n/1eS0YM8AECAcs0kgZmThe', 'ROLE_CUSTOMER'),
        (98, 'Kathe Bachs', 'kbachs2p@hugedomains.com', '$2a$10$Uxh0Rt/Q0so807N8OIYfWOn1pD0cXa.d1/j22w13wbpzlefVnBQ9a', 'ROLE_CUSTOMER'),
        (99, 'Giustina Joskowitz', 'gjoskowitz2q@cam.ac.uk', '$2a$10$px3MqY1uNhTvSI8NimbGj.cbyWzc6P/KVa7RNdPeL3FrP4/6WcrMm', 'ROLE_CUSTOMER'),
        (100, 'Mack McCraw', 'mmccraw2r@furl.net', '$2a$10$a5pInfsnaHGeMnoPfvq.1eTkoG8D2y41Umj.GSjBUyHXOj/yF.l3.', 'ROLE_CUSTOMER'),
        (101, 'Alexandre Dutteridge', 'adutteridge2s@deviantart.com', '$2a$10$R/J6KfZ.79oU8ry0OKi6Euv7Zn/5vM5BtuhVoiP.3PWj.yBksXOFa', 'ROLE_CUSTOMER'),
        (102, 'Maryrose Berrie', 'mberrie2t@wisc.edu', '$2a$10$temWZWvyWGKp4FVCh4SlVe67aC08MW1AeGkeAGb.XjYlMNMYl8Xwm', 'ROLE_CUSTOMER'),
        (103, 'Bentley Lackham', 'blackham2u@clickbank.net', '$2a$10$0XpHM3VKe4XOFEOoCP1lUe2LN.X7kFZLYOO6LSXEH4MmZrlHjE8ny', 'ROLE_CUSTOMER'),
        (104, 'Hilary Gowrie', 'hgowrie2v@netscape.com', '$2a$10$U4Ay0DwAtNnyRIJqfQgVlehXLtL7o1hifGT8QArQ.wkp0DkQwF7i.', 'ROLE_CUSTOMER'),
        (105, 'Gerard Gothliff', 'ggothliff2w@dailymotion.com', '$2a$10$KHjgnZFluVRSPzM0WkfXiOaJtpQWqp3NQlQAHAXY1ZmF7YJJUeqLi', 'ROLE_CUSTOMER'),
        (106, 'Letisha Shambroke', 'lshambroke2x@craigslist.org', '$2a$10$4S1R7ZTX8Vbqc34Uny7K6eQkKBcPTJTcMrgTn/yCw8ckY9IQdWlh.', 'ROLE_CUSTOMER'),
        (107, 'Lutero Brodway', 'lbrodway2y@feedburner.com', '$2a$10$hs2hkrrXuVY4oaziBjnjtuN2ZtwtIAYrXd2ukqU2FHVKE01BC78eC', 'ROLE_CUSTOMER'),
        (108, 'Roldan Hathaway', 'rhathaway2z@taobao.com', '$2a$10$I9kxyj./PaCET3OSMe7SquqXBuhRKSgwB51Y8tFIRlx.V1glinGkK', 'ROLE_CUSTOMER'),
        (109, 'Jonell Nyssen', 'jnyssen30@artisteer.com', '$2a$10$1OQP80/W.IeRbVXhdzygtuYranwG8KBIk5UFgRVKkdIAimma2vviu', 'ROLE_CUSTOMER'),
        (110, 'Valentijn Sycamore', 'vsycamore31@free.fr', '$2a$10$oJrzr7Tsvm3vLzJVUCA6/OrzwYnCkQCPb9vl6FYhG0.5C12GHDjk.', 'ROLE_CUSTOMER'),
        (111, 'Stinky Medd', 'smedd32@edublogs.org', '$2a$10$47a05prr1x6tJxDK5DlTKOVNqaAnWMo0OLElrf064Wb35JFOlc9r2', 'ROLE_CUSTOMER'),
        (112, 'Letta McKiernan', 'lmckiernan33@youku.com', '$2a$10$UNDCJIAqgiGX4mv5A6LSaeRGju9DCqys8E9I.gGiufseiwr0csOo.', 'ROLE_CUSTOMER'),
        (113, 'Erma Dradey', 'edradey34@github.io', '$2a$10$J.0aQaegz/H8rIL4bBRZBOqUsIbMNFH9n4T23XnAnUVcObUPnZQt.', 'ROLE_CUSTOMER'),
        (114, 'Farah O''Bruen', 'fobruen35@toplist.cz', '$2a$10$R3sjnCfXTIML3kCAG8kMae1WlYkMXBaXp7mpeD1KP9N/5W/v97gJW', 'ROLE_CUSTOMER'),
        (115, 'Arlee Graddon', 'agraddon36@yahoo.com', '$2a$10$hUXWC98zE0WVVmasjVszMuJI2JATdYMtYZ88kbuQAoxOQ/QFIxw26', 'ROLE_CUSTOMER'),
        (116, 'Gustie Lenox', 'glenox37@icio.us', '$2a$10$iWupOP1lzwLL5TthV528VOmP/Y/0GG07Uz2guLGia.5n2AlEEGgPe', 'ROLE_CUSTOMER'),
        (117, 'Junia Archell', 'jarchell38@tumblr.com', '$2a$10$Yo.k4Nnws1/JMVAF2GdGCOPDpzobAj2Y.vM9zEKJX2S.MUB1q8EuG', 'ROLE_CUSTOMER'),
        (118, 'Claudie Lambole', 'clambole39@networksolutions.com', '$2a$10$DM7mACrXEL64jIafy24vdONJjkGQSG52f2Ixz/Qo708zB8PpwAi8y', 'ROLE_CUSTOMER'),
        (119, 'Pat Eglise', 'peglise3a@google.com.hk', '$2a$10$0X.D7pc9zodHpWNsaZ2ZtOTSUxdb3fqYO4DHS.5axzddDeRq9M7c.', 'ROLE_CUSTOMER'),
        (120, 'Guinna Treves', 'gtreves3b@liveinternet.ru', '$2a$10$UXw/vO4Zn3gLYp3smu1skunaCOIikEW8skqgjcKi4fhh/h9wSG/Dm', 'ROLE_CUSTOMER'),
        (121, 'Wynne Doone', 'wdoone3c@ocn.ne.jp', '$2a$10$rTrQkeX7CGJYgDtRWJ/QS.l.88rjtySPxvQX/TINzPbWZ8YGI3hB.', 'ROLE_CUSTOMER'),
        (122, 'Carolus Verlinden', 'cverlinden3d@spiegel.de', '$2a$10$iSLkeBHvIovFcrG6DHAw6.QD/00Hyazkygtx7sm63kYvGSbcLpqZa', 'ROLE_CUSTOMER'),
        (123, 'Dacia Trimmill', 'dtrimmill3e@un.org', '$2a$10$5I0VB3Z3AyBBziWyM6xBiuvo3dnU2jzlChWpOdIO1aOEKRfgPc8q6', 'ROLE_CUSTOMER'),
        (124, 'Toiboid Calbaithe', 'tcalbaithe3f@wunderground.com', '$2a$10$uIG61HSAiYK0o8QTEVJ57eWR8heQ2lgwIBUoeVRsFq0BQUrkDZ3/K', 'ROLE_CUSTOMER'),
        (125, 'Margarethe Jory', 'mjory3g@google.nl', '$2a$10$y050H6e9edjSjEz5mfD3PO.dz9jWLW8YgXdJaY7HJPcgcQ6JuZdym', 'ROLE_CUSTOMER'),
        (126, 'Nadia Brodest', 'nbrodest3h@reddit.com', '$2a$10$jItl4jmePh87Ip1bTKid/.vdkWOHsUvHr8eukGDVpM4asNg0LMWsO', 'ROLE_CUSTOMER'),
        (127, 'Jenni Vanyukov', 'jvanyukov3i@elegantthemes.com', '$2a$10$RavnYAufrT6CpkYopmaznOewsv1fN2XX7AYo.mC92pe/ZlNp0UO9K', 'ROLE_CUSTOMER'),
        (128, 'Erroll Sapena', 'esapena3j@forbes.com', '$2a$10$OP5wYNAgMz0siYnKCeO/NeES7Ojf4tSvMvRQ.93oen2gLOYEZkbfO', 'ROLE_CUSTOMER'),
        (129, 'Kevan Pien', 'kpien3k@yellowpages.com', '$2a$10$B6QrpieQNGWBe7G4F33hneX6a1vUQ54wkhlUSBCoTeCtGENOC.KJ.', 'ROLE_CUSTOMER'),
        (130, 'Janene Atwell', 'jatwell3l@amazon.com', '$2a$10$7lt0tyufxUY9WaT4BOgcFeIIOnoqMGP4vCE9tLN2VhQfQCQ7Ub7KG', 'ROLE_CUSTOMER'),
        (131, 'Jere Phonix', 'jphonix3m@surveymonkey.com', '$2a$10$aQa./VCsYZQNfoREu1rNaOImYXaseuSkfSai9oXdRKM7pvXMiUx7C', 'ROLE_CUSTOMER'),
        (132, 'Felix Friett', 'ffriett3n@umn.edu', '$2a$10$ST9XbcXAOt2C/t37sLeXzedMjfFgxVSJJogkDb.cl/r5r/FhIgSIS', 'ROLE_CUSTOMER'),
        (133, 'Teriann Dacombe', 'tdacombe3o@dagondesign.com', '$2a$10$UIyKLP/kjuAcdlMQa9pjoemZMkrktF0rSjWrAv0XNeh520S82IPOy', 'ROLE_CUSTOMER'),
        (134, 'Delcina Godson', 'dgodson3p@sbwire.com', '$2a$10$zXewcMDSGXj1V4TXxsvYGutQfHiroyDYlZxv0PtEZUybbkmQGiH9W', 'ROLE_CUSTOMER'),
        (135, 'Kaitlynn Wewell', 'kwewell3q@google.es', '$2a$10$/VRu08FR8BERS/67tjHE5.p7REebO89xJVDgfxmLeLZlZ9PW/Pbxq', 'ROLE_CUSTOMER'),
        (136, 'Heall Guislin', 'hguislin3r@amazon.co.jp', '$2a$10$DBY7TkpxmZignriPZcVL5.y1zhPuCQmg78OGsorZvjjGuUpTFpubC', 'ROLE_CUSTOMER'),
        (137, 'Cloris Gaffer', 'cgaffer3s@g.co', '$2a$10$.MvlaT84xjHq6G3fiioMC.TO7zdxHx2txrIbGtEDh8unGX9.2sU8G', 'ROLE_CUSTOMER'),
        (138, 'Benedick Roony', 'broony3t@mashable.com', '$2a$10$B22Yp6G6JzxMGthaulvdW.sjRP0ICNUp1Eqg6jTY9h9sQ.Z/ZgRyu', 'ROLE_CUSTOMER'),
        (139, 'Dur Suermeier', 'dsuermeier3u@clickbank.net', '$2a$10$aYusAY93A9vMUEZvleoWy.zxJo5xCsVjAcLGjPktWTZKy9XvJb8te', 'ROLE_CUSTOMER'),
        (140, 'Marlane Jackson', 'mjackson3v@chicagotribune.com', '$2a$10$FOl2Nmqb3vJFkWw2w6zd3e5mx0dSjjRTyexQzbZrYrq9mLTGEimXK', 'ROLE_CUSTOMER'),
        (141, 'Eric Orteaux', 'eorteaux3w@google.cn', '$2a$10$OT51OQmnhC/heWvmBZoU/OqhaSm2GmuWFphmDsxiGwhxr/AHVCul.', 'ROLE_CUSTOMER'),
        (142, 'Maureene Pull', 'mpull3x@admin.ch', '$2a$10$zlrh.nq.o2oGiZ8EbtLJF.gUi08Zw4rqfRF7SBiLfBbTpe1jni0gW', 'ROLE_CUSTOMER'),
        (143, 'Duane McFetridge', 'dmcfetridge3y@deviantart.com', '$2a$10$X1rlC1iK5Y/FgCNlLMOnEec12uD86KJjcG4EzHY2Xbd/vjW2A/1E2', 'ROLE_CUSTOMER'),
        (144, 'Annetta Malkie', 'amalkie3z@fastcompany.com', '$2a$10$zn47GVCbRd9/dAqq4WXXM.ct3Iv167LnORJQiVK47JhPYKcEGpE6q', 'ROLE_CUSTOMER'),
        (145, 'Kenyon Hakonsen', 'khakonsen40@state.gov', '$2a$10$Ga69OIqAJRuO8GjPS.l2GOeIpC/ENIMeattLt5o53jo5Qb72dNHhq', 'ROLE_CUSTOMER'),
        (146, 'Dorree Gobert', 'dgobert41@nyu.edu', '$2a$10$4WuZD4LOstqNlOyGXJyyROZUAC8TfxMOzi47.ZGGZqbLzbrbuZ2Gm', 'ROLE_CUSTOMER'),
        (147, 'Colan Le Port', 'cle42@craigslist.org', '$2a$10$4BIo/df8SYs9.dHN3rS0H.OWkqSPQuvXS6oqo6GIvBJe/jN5vp0GK', 'ROLE_CUSTOMER'),
        (148, 'Jillana Marl', 'jmarl43@163.com', '$2a$10$6XvukOMn8eJmiGn4UTVdqekQlF9Qjyxj/tk4yyqrHM0BoDsOdfQ8W', 'ROLE_CUSTOMER'),
        (149, 'Linn Woodwin', 'lwoodwin44@forbes.com', '$2a$10$vmxbVxbGA4aosWJjp.E7UeYwIpf.HPJ3tNu99U8iAn70uzcD8tj1S', 'ROLE_CUSTOMER'),
        (150, 'Pammie Tyrwhitt', 'ptyrwhitt45@moonfruit.com', '$2a$10$V7AVVPr9U1IsMTETWHhZ.em3J7gP3Uj/bciw/BM7GrhE2ZW/jd0q2', 'ROLE_CUSTOMER'),
        (151, 'Coralyn Maughan', 'cmaughan46@delicious.com', '$2a$10$S.u0X/6Cgv/hMRaM0N7oW.WQC0OfE51sbIT.aVNlvIJ3dSIC3O7m6', 'ROLE_CUSTOMER'),
        (152, 'Vidovik Wackley', 'vwackley47@unblog.fr', '$2a$10$cJzNP4jAc9hJRXC1JWVrsuzVYvRNfGpyJYPabjQ/MogYsxBuSGEXG', 'ROLE_CUSTOMER'),
        (153, 'Trace Vales', 'tvales48@dailymotion.com', '$2a$10$2.8lbpRtnrIJB5ibA9JxLeNG6ay6Olkrq5uYAXYWu6faT5q7BSEk.', 'ROLE_CUSTOMER'),
        (154, 'Luis Thorndale', 'lthorndale49@hatena.ne.jp', '$2a$10$srv3yRjf8Bbw/rDFCsOLleRQp.9TYP.OqQT75PCux0Tro7MV9kbse', 'ROLE_CUSTOMER'),
        (155, 'Eleni Hovenden', 'ehovenden4a@samsung.com', '$2a$10$DynWRvZINkAX9zfyONgMpu9KEYa8LHUw/74b6WdSd5VHglL8/mjkC', 'ROLE_CUSTOMER'),
        (156, 'Harland Lown', 'hlown4b@mashable.com', '$2a$10$PnZ8aIgITtht8SulaV6JWenJgNS89rBR7f/6guXcpPrURXyv/UIpu', 'ROLE_CUSTOMER'),
        (157, 'Eben Morales', 'emorales4c@google.de', '$2a$10$y7ooaxPb3F8j6Tv.Oa4hou20w4Dt1oOuYaWGK.pVXHhGR6niYuN2W', 'ROLE_CUSTOMER'),
        (158, 'Janifer Keates', 'jkeates4d@networksolutions.com', '$2a$10$8EiK3eXfksI3WyRaB0pF1eXbzkIcz1aaaWNu/qGz9S2Bf.GE7bTYa', 'ROLE_CUSTOMER'),
        (159, 'Devan Gurry', 'dgurry4e@aboutads.info', '$2a$10$IhlyIa9jur5X2t6pNuM0K.N41d/L1xGqWGsdTy9cKKr0wPLvpMtjC', 'ROLE_CUSTOMER'),
        (160, 'Thorin Dibdale', 'tdibdale4f@storify.com', '$2a$10$lDFtAui9nCWFMs4XaUbGA.Af5QkOsxZtf4UkZn9LM81/5v/Ry7Sra', 'ROLE_CUSTOMER'),
        (161, 'Mikael Alliband', 'malliband4g@yahoo.co.jp', '$2a$10$5Rm.TVmi6GggKpiz1VChyOwirpXCMNglJzzssPoN4XsrQSWo8vvVm', 'ROLE_CUSTOMER'),
        (162, 'Hunfredo Shutt', 'hshutt4h@mit.edu', '$2a$10$E6k2y3.mZh5yrQlrsBGp7O6HkcUW5pz15/IocZcImIDLZFOos6lAS', 'ROLE_CUSTOMER'),
        (163, 'Aloise Catonne', 'acatonne4i@accuweather.com', '$2a$10$oqrhSQ9B6GddGASEKw2AlO0u9YfuMokIhqAK9QhH.zzO6bLGGaecS', 'ROLE_CUSTOMER'),
        (164, 'Rabbi Evered', 'revered4j@surveymonkey.com', '$2a$10$uPDKPpSH47EeVrnYLWdBwuHpWKE51S8pt/O/jZibv3c5lv9tZDo3G', 'ROLE_CUSTOMER'),
        (165, 'Britney Cristofori', 'bcristofori4k@wix.com', '$2a$10$OMLkB7esBZqY6p3g4k6YJuMgWB/Cry.AVHBrmU7uQ7ZazvYEdavDm', 'ROLE_CUSTOMER'),
        (166, 'Chicky Rubica', 'crubica4l@ucoz.ru', '$2a$10$nRcF5yWYOjlDNQQh9n0g3uV3/Rc173YCAKqzFBEBxakfIc2w7xbTy', 'ROLE_CUSTOMER'),
        (167, 'Lanae Morch', 'lmorch4m@aol.com', '$2a$10$SdBew0YVWIfuf5RkGBQh5Ogk9OB0iRIsJOdA4IreVT0M.rtuceNGi', 'ROLE_CUSTOMER'),
        (168, 'Gavrielle Mapledorum', 'gmapledorum4n@washington.edu', '$2a$10$cxh1YM37r53s81UVwSZIx.vFGgy3f/8scWTzBCvDJCyanYKWt/nR2', 'ROLE_CUSTOMER'),
        (169, 'Mathe Forestall', 'mforestall4o@devhub.com', '$2a$10$2sQ6KAnk136aRK4tu49wz.JyCYbJ6vaOUSThfnIySELeTRJjpZkYq', 'ROLE_CUSTOMER'),
        (170, 'Casper Linkin', 'clinkin4p@addtoany.com', '$2a$10$BlwQP9YXEKyB7Xn3fvLW9uSxghRsDhdnM1mO3/JJNMFhSwC/sxqKu', 'ROLE_CUSTOMER'),
        (171, 'Elsie Gettings', 'egettings4q@bandcamp.com', '$2a$10$duvS2vwkE9iddJ59A1ySKeCydzCPUXxRwEkcLN6.1Kvl9ONZUnEuS', 'ROLE_CUSTOMER'),
        (172, 'Glyn Aubrey', 'gaubrey4r@t-online.de', '$2a$10$/vFchdS/Hw/C9wE8Fekm1OK9m31YhZPUSU6u0Fm5P2iiCUOl1.jDe', 'ROLE_CUSTOMER'),
        (173, 'Jo-ann Fishlock', 'jfishlock4s@aol.com', '$2a$10$GOQzCvSaQSlzur.HiJs5OeQeeq8EVM.c62G/Q3oWR8Gewekn4ljmO', 'ROLE_CUSTOMER'),
        (174, 'Avril Vorley', 'avorley4t@ed.gov', '$2a$10$b9icRa7JM1kq1gGQgLxQC.mR4JZJTI6RaC9YjHMOWJxQsKOHaTkTm', 'ROLE_CUSTOMER'),
        (175, 'Jermaine Jendrach', 'jjendrach4u@washington.edu', '$2a$10$1ZHvv1csCUoSVbEMc0nawettUF43azvO1Y1AAW1Fi.uwDV1OmRZ6C', 'ROLE_CUSTOMER'),
        (176, 'Guilbert Bodega', 'gbodega4v@t-online.de', '$2a$10$WuEGwceTYIVsebvUa.DOF.CgyFp5RmFJ4mAtC5AjE2g5Px7pZzvIu', 'ROLE_CUSTOMER'),
        (177, 'Bartholomew Boothby', 'bboothby4w@miibeian.gov.cn', '$2a$10$FHeoQFH6DyJTjIg09j9g3eYzg7DMFdBq3mge4ODITjvlEmcayno9W', 'ROLE_CUSTOMER'),
        (178, 'Alphonse MacColm', 'amaccolm4x@adobe.com', '$2a$10$rcsOpBvDhmWkbnCbhSPplegnVcwTg47eCmYwHe7hpf.V9Dupn16D2', 'ROLE_CUSTOMER'),
        (179, 'Normie Purdie', 'npurdie4y@wp.com', '$2a$10$DSYcRXltmDhmWYR8Awapd.V3HkmAABF8FEZMQoV11McCLGqswnTpO', 'ROLE_CUSTOMER'),
        (180, 'Lilia Langtree', 'llangtree4z@microsoft.com', '$2a$10$OM2oo93TtkHQ8uGOdNC/POYrctoZP4xq6GH8LUXCxg/7Nrp8YBRzC', 'ROLE_CUSTOMER'),
        (181, 'Candie Field', 'cfield50@photobucket.com', '$2a$10$rk2mmTHtASKPDvU2HKjZwedR8lUWPfcQXhE0u157gVlnZjiAnoFxG', 'ROLE_CUSTOMER'),
        (182, 'Jackquelin Sinnott', 'jsinnott51@dot.gov', '$2a$10$232BIc8l16a.M03HRiQ6BeQVaNSxda3VrajCcAflGhM7zf9grH4Tm', 'ROLE_CUSTOMER'),
        (183, 'Addison Bartoshevich', 'abartoshevich52@cdc.gov', '$2a$10$6R6s9T7QzNuBf55VqamvsuSRvYJITBqY9MPCYU2ei3ahOlL0CCLTu', 'ROLE_CUSTOMER'),
        (184, 'Matt Willmer', 'mwillmer53@nyu.edu', '$2a$10$TJsi.0L88mF/jn2hTeZ/XuvZfMTzdYgAM.9yTzIr5oVefct1vjL/G', 'ROLE_CUSTOMER'),
        (185, 'Burr Yare', 'byare54@youku.com', '$2a$10$eCM74h4JmEiByWXvjmWJPO9p1P5gxzabI4TyUMdvInYnNLHm/YY.G', 'ROLE_CUSTOMER'),
        (186, 'Portia O''Gavin', 'pogavin55@nymag.com', '$2a$10$KOEmuqwvM6DI2nIWCNdpLOuCAVn1U/.urx6l4M5z7RqfRJoZns9jK', 'ROLE_CUSTOMER'),
        (187, 'Larissa Pinnick', 'lpinnick56@epa.gov', '$2a$10$IF4IGnS462XMAXok8VpipeB.4z0zEK1BDthwzFsWGSTpbhgo2L9vC', 'ROLE_CUSTOMER'),
        (188, 'Matthiew Le Sarr', 'mle57@themeforest.net', '$2a$10$cZtdu//npEZ.XoU5BgrgUODAfINvq8THkoJrtpoVFfkicq.YcGvNy', 'ROLE_CUSTOMER'),
        (189, 'Jarrett Veryan', 'jveryan58@example.com', '$2a$10$Nzjn7F4aUZjyYDrEyMxYyuM8x8lMN2lDoN3p.w58W2YZpNfb/R5I6', 'ROLE_CUSTOMER'),
        (190, 'Nonah Seeking', 'nseeking59@mlb.com', '$2a$10$tzAr9RyaitwpHr9hH00jAuA2oqA2t6DyIpIRD6VnS/vPtjIoj4Q3C', 'ROLE_CUSTOMER'),
        (191, 'Felecia Makiver', 'fmakiver5a@ebay.com', '$2a$10$dY0dpVsFAJAaakF/h8rLBOINETpu6YaUcK310mYL.mY6tjtSsygYK', 'ROLE_CUSTOMER'),
        (192, 'Merrielle Novichenko', 'mnovichenko5b@yellowbook.com', '$2a$10$tgZ7mEmsq6CS3Rj4GqUVHO80JMBHxv73oWraRrqjkLIM9lwXn03hO', 'ROLE_CUSTOMER'),
        (193, 'Salli Sawers', 'ssawers5c@privacy.gov.au', '$2a$10$avqEYmaromzcALQFfkNGROUAlD4LXD1sDU.PfL4LrB5x6LKeTK/KS', 'ROLE_CUSTOMER'),
        (194, 'Jesse Fantonetti', 'jfantonetti5d@infoseek.co.jp', '$2a$10$W./mzb4Viu8omZe34fbiZek3EqMkxN3e9k2TimEexBiWu0g/3BLHy', 'ROLE_CUSTOMER'),
        (195, 'Kim Jurisic', 'kjurisic5e@telegraph.co.uk', '$2a$10$Kb59LDzKekXVMjiFshZ2puOiHYDcjz90.o/uAP6qzNWalmzmODZ06', 'ROLE_CUSTOMER'),
        (196, 'Anton Brattan', 'abrattan5f@tripadvisor.com', '$2a$10$bGcA2UQs.8wTlZ4CNoRBaeR6Ww8ZYNdM5XufSxheAbPQQS3RTyvVS', 'ROLE_CUSTOMER'),
        (197, 'Isadora Pallent', 'ipallent5g@naver.com', '$2a$10$otnIGzS6VBDPrFRPP0Q5he5cakB4uOHnuJo2PzIYwHY6eq1Dj6vn2', 'ROLE_CUSTOMER'),
        (198, 'Jennine Bartalini', 'jbartalini5h@github.com', '$2a$10$HRzym8pZXUcNwhUL997TAemklIV2ZdkaOnVl09x9fpxM.Gnrxl.Q.', 'ROLE_CUSTOMER'),
        (199, 'Lorilee Selbie', 'lselbie5i@reverbnation.com', '$2a$10$2y277w08I8zG4xiu65VVz.ozrDwRE2OOKnix4z6SIN5VAJ7B1we72', 'ROLE_CUSTOMER'),
        (200, 'Emmi Lavalde', 'elavalde5j@mlb.com', '$2a$10$L6IHz5dJ3E5DIf/J4LgfOewRGBsQ.7OK2lvff/.9Wr2o4uXc3An3u', 'ROLE_CUSTOMER'),
        (201, 'Huy Tran', 'anhdevwen@gmail.com', '$2a$10$5fHfgtzHpC8L/zHzhlJQY.70BDnRnWmvspek0lPsGmulJ5iGP/QIe', 'ROLE_CUSTOMER');
INSERT INTO seat (id, category, seat_number, room_id)
VALUES  (1, 'Standard', 'A1', 1),
        (2, 'Standard', 'B1', 1),
        (3, 'Standard', 'C1', 1),
        (4, 'Standard', 'D1', 1),
        (5, 'Standard', 'E1', 1),
        (6, 'Standard', 'F1', 1),
        (7, 'Standard', 'G1', 1),
        (8, 'Standard', 'H1', 1),
        (9, 'Standard', 'A2', 1),
        (10, 'Standard', 'B2', 1),
        (11, 'Standard', 'C2', 1),
        (12, 'Standard', 'D2', 1),
        (13, 'Standard', 'E2', 1),
        (14, 'Standard', 'F2', 1),
        (15, 'Standard', 'G2', 1),
        (16, 'Standard', 'H2', 1),
        (17, 'Standard', 'A3', 1),
        (18, 'Standard', 'B3', 1),
        (19, 'Standard', 'C3', 1),
        (20, 'Standard', 'D3', 1),
        (21, 'Standard', 'E3', 1),
        (22, 'Standard', 'F3', 1),
        (23, 'Standard', 'G3', 1),
        (24, 'Standard', 'H3', 1),
        (25, 'Standard', 'A4', 1),
        (26, 'Standard', 'B4', 1),
        (27, 'Standard', 'C4', 1),
        (28, 'Standard', 'D4', 1),
        (29, 'Standard', 'E4', 1),
        (30, 'Standard', 'F4', 1),
        (31, 'Standard', 'G4', 1),
        (32, 'Standard', 'H4', 1),
        (33, 'Standard', 'A5', 1),
        (34, 'Standard', 'B5', 1),
        (35, 'Standard', 'C5', 1),
        (36, 'Standard', 'D5', 1),
        (37, 'Standard', 'E5', 1),
        (38, 'Standard', 'F5', 1),
        (39, 'Standard', 'G5', 1),
        (40, 'Standard', 'H5', 1),
        (41, 'Standard', 'A6', 1),
        (42, 'Standard', 'B6', 1),
        (43, 'Standard', 'C6', 1),
        (44, 'Standard', 'D6', 1),
        (45, 'Standard', 'E6', 1),
        (46, 'Standard', 'F6', 1),
        (47, 'Standard', 'G6', 1),
        (48, 'Standard', 'H6', 1),
        (49, 'Standard', 'A7', 1),
        (50, 'Standard', 'B7', 1),
        (51, 'Standard', 'C7', 1),
        (52, 'Standard', 'D7', 1),
        (53, 'Standard', 'E7', 1),
        (54, 'Standard', 'F7', 1),
        (55, 'Standard', 'G7', 1),
        (56, 'Standard', 'H7', 1),
        (57, 'Standard', 'A8', 1),
        (58, 'Standard', 'B8', 1),
        (59, 'Standard', 'C8', 1),
        (60, 'Standard', 'D8', 1),
        (61, 'Standard', 'E8', 1),
        (62, 'Standard', 'F8', 1),
        (63, 'Standard', 'G8', 1),
        (64, 'Standard', 'H8', 1),
        (65, 'Standard', 'A9', 1),
        (66, 'Standard', 'B9', 1),
        (67, 'Standard', 'C9', 1),
        (68, 'Standard', 'D9', 1),
        (69, 'Standard', 'E9', 1),
        (70, 'Standard', 'F9', 1),
        (71, 'Standard', 'G9', 1),
        (72, 'Standard', 'H9', 1),
        (73, 'Standard', 'A10', 1),
        (74, 'Standard', 'B10', 1),
        (75, 'Standard', 'C10', 1),
        (76, 'Standard', 'D10', 1),
        (77, 'Standard', 'E10', 1),
        (78, 'Standard', 'F10', 1),
        (79, 'Standard', 'G10', 1),
        (80, 'Standard', 'H10', 1),
        (81, 'Couple', 'I1', 1),
        (82, 'Couple', 'J1', 1),
        (83, 'Couple', 'I2', 1),
        (84, 'Couple', 'J2', 1),
        (85, 'Couple', 'I3', 1),
        (86, 'Couple', 'J3', 1),
        (87, 'Couple', 'I4', 1),
        (88, 'Couple', 'J4', 1),
        (89, 'Couple', 'I5', 1),
        (90, 'Couple', 'J5', 1),
        (91, 'Standard', 'A1', 2),
        (92, 'Standard', 'B1', 2),
        (93, 'Standard', 'C1', 2),
        (94, 'Standard', 'D1', 2),
        (95, 'Standard', 'E1', 2),
        (96, 'Standard', 'F1', 2),
        (97, 'Standard', 'G1', 2),
        (98, 'Standard', 'H1', 2),
        (99, 'Standard', 'A2', 2),
        (100, 'Standard', 'B2', 2),
        (101, 'Standard', 'C2', 2),
        (102, 'Standard', 'D2', 2),
        (103, 'Standard', 'E2', 2),
        (104, 'Standard', 'F2', 2),
        (105, 'Standard', 'G2', 2),
        (106, 'Standard', 'H2', 2),
        (107, 'Standard', 'A3', 2),
        (108, 'Standard', 'B3', 2),
        (109, 'Standard', 'C3', 2),
        (110, 'Standard', 'D3', 2),
        (111, 'Standard', 'E3', 2),
        (112, 'Standard', 'F3', 2),
        (113, 'Standard', 'G3', 2),
        (114, 'Standard', 'H3', 2),
        (115, 'Standard', 'A4', 2),
        (116, 'Standard', 'B4', 2),
        (117, 'Standard', 'C4', 2),
        (118, 'Standard', 'D4', 2),
        (119, 'Standard', 'E4', 2),
        (120, 'Standard', 'F4', 2),
        (121, 'Standard', 'G4', 2),
        (122, 'Standard', 'H4', 2),
        (123, 'Standard', 'A5', 2),
        (124, 'Standard', 'B5', 2),
        (125, 'Standard', 'C5', 2),
        (126, 'Standard', 'D5', 2),
        (127, 'Standard', 'E5', 2),
        (128, 'Standard', 'F5', 2),
        (129, 'Standard', 'G5', 2),
        (130, 'Standard', 'H5', 2),
        (131, 'Standard', 'A6', 2),
        (132, 'Standard', 'B6', 2),
        (133, 'Standard', 'C6', 2),
        (134, 'Standard', 'D6', 2),
        (135, 'Standard', 'E6', 2),
        (136, 'Standard', 'F6', 2),
        (137, 'Standard', 'G6', 2),
        (138, 'Standard', 'H6', 2),
        (139, 'Standard', 'A7', 2),
        (140, 'Standard', 'B7', 2),
        (141, 'Standard', 'C7', 2),
        (142, 'Standard', 'D7', 2),
        (143, 'Standard', 'E7', 2),
        (144, 'Standard', 'F7', 2),
        (145, 'Standard', 'G7', 2),
        (146, 'Standard', 'H7', 2),
        (147, 'Standard', 'A8', 2),
        (148, 'Standard', 'B8', 2),
        (149, 'Standard', 'C8', 2),
        (150, 'Standard', 'D8', 2),
        (151, 'Standard', 'E8', 2),
        (152, 'Standard', 'F8', 2),
        (153, 'Standard', 'G8', 2),
        (154, 'Standard', 'H8', 2),
        (155, 'Standard', 'A9', 2),
        (156, 'Standard', 'B9', 2),
        (157, 'Standard', 'C9', 2),
        (158, 'Standard', 'D9', 2),
        (159, 'Standard', 'E9', 2),
        (160, 'Standard', 'F9', 2),
        (161, 'Standard', 'G9', 2),
        (162, 'Standard', 'H9', 2),
        (163, 'Standard', 'A10', 2),
        (164, 'Standard', 'B10', 2),
        (165, 'Standard', 'C10', 2),
        (166, 'Standard', 'D10', 2),
        (167, 'Standard', 'E10', 2),
        (168, 'Standard', 'F10', 2),
        (169, 'Standard', 'G10', 2),
        (170, 'Standard', 'H10', 2),
        (171, 'Couple', 'I1', 2),
        (172, 'Couple', 'J1', 2),
        (173, 'Couple', 'I2', 2),
        (174, 'Couple', 'J2', 2),
        (175, 'Couple', 'I3', 2),
        (176, 'Couple', 'J3', 2),
        (177, 'Couple', 'I4', 2),
        (178, 'Couple', 'J4', 2),
        (179, 'Couple', 'I5', 2),
        (180, 'Couple', 'J5', 2),
        (181, 'Standard', 'A1', 3),
        (182, 'Standard', 'B1', 3),
        (183, 'Standard', 'C1', 3),
        (184, 'Standard', 'D1', 3),
        (185, 'Standard', 'E1', 3),
        (186, 'Standard', 'F1', 3),
        (187, 'Standard', 'G1', 3),
        (188, 'Standard', 'H1', 3),
        (189, 'Standard', 'A2', 3),
        (190, 'Standard', 'B2', 3),
        (191, 'Standard', 'C2', 3),
        (192, 'Standard', 'D2', 3),
        (193, 'Standard', 'E2', 3),
        (194, 'Standard', 'F2', 3),
        (195, 'Standard', 'G2', 3),
        (196, 'Standard', 'H2', 3),
        (197, 'Standard', 'A3', 3),
        (198, 'Standard', 'B3', 3),
        (199, 'Standard', 'C3', 3),
        (200, 'Standard', 'D3', 3),
        (201, 'Standard', 'E3', 3),
        (202, 'Standard', 'F3', 3),
        (203, 'Standard', 'G3', 3),
        (204, 'Standard', 'H3', 3),
        (205, 'Standard', 'A4', 3),
        (206, 'Standard', 'B4', 3),
        (207, 'Standard', 'C4', 3),
        (208, 'Standard', 'D4', 3),
        (209, 'Standard', 'E4', 3),
        (210, 'Standard', 'F4', 3),
        (211, 'Standard', 'G4', 3),
        (212, 'Standard', 'H4', 3),
        (213, 'Standard', 'A5', 3),
        (214, 'Standard', 'B5', 3),
        (215, 'Standard', 'C5', 3),
        (216, 'Standard', 'D5', 3),
        (217, 'Standard', 'E5', 3),
        (218, 'Standard', 'F5', 3),
        (219, 'Standard', 'G5', 3),
        (220, 'Standard', 'H5', 3),
        (221, 'Standard', 'A6', 3),
        (222, 'Standard', 'B6', 3),
        (223, 'Standard', 'C6', 3),
        (224, 'Standard', 'D6', 3),
        (225, 'Standard', 'E6', 3),
        (226, 'Standard', 'F6', 3),
        (227, 'Standard', 'G6', 3),
        (228, 'Standard', 'H6', 3),
        (229, 'Standard', 'A7', 3),
        (230, 'Standard', 'B7', 3),
        (231, 'Standard', 'C7', 3),
        (232, 'Standard', 'D7', 3),
        (233, 'Standard', 'E7', 3),
        (234, 'Standard', 'F7', 3),
        (235, 'Standard', 'G7', 3),
        (236, 'Standard', 'H7', 3),
        (237, 'Standard', 'A8', 3),
        (238, 'Standard', 'B8', 3),
        (239, 'Standard', 'C8', 3),
        (240, 'Standard', 'D8', 3),
        (241, 'Standard', 'E8', 3),
        (242, 'Standard', 'F8', 3),
        (243, 'Standard', 'G8', 3),
        (244, 'Standard', 'H8', 3),
        (245, 'Standard', 'A9', 3),
        (246, 'Standard', 'B9', 3),
        (247, 'Standard', 'C9', 3),
        (248, 'Standard', 'D9', 3),
        (249, 'Standard', 'E9', 3),
        (250, 'Standard', 'F9', 3),
        (251, 'Standard', 'G9', 3),
        (252, 'Standard', 'H9', 3),
        (253, 'Standard', 'A10', 3),
        (254, 'Standard', 'B10', 3),
        (255, 'Standard', 'C10', 3),
        (256, 'Standard', 'D10', 3),
        (257, 'Standard', 'E10', 3),
        (258, 'Standard', 'F10', 3),
        (259, 'Standard', 'G10', 3),
        (260, 'Standard', 'H10', 3),
        (261, 'Couple', 'I1', 3),
        (262, 'Couple', 'J1', 3),
        (263, 'Couple', 'I2', 3),
        (264, 'Couple', 'J2', 3),
        (265, 'Couple', 'I3', 3),
        (266, 'Couple', 'J3', 3),
        (267, 'Couple', 'I4', 3),
        (268, 'Couple', 'J4', 3),
        (269, 'Couple', 'I5', 3),
        (270, 'Couple', 'J5', 3),
        (271, 'Standard', 'A1', 4),
        (272, 'Standard', 'B1', 4),
        (273, 'Standard', 'C1', 4),
        (274, 'Standard', 'D1', 4),
        (275, 'Standard', 'E1', 4),
        (276, 'Standard', 'F1', 4),
        (277, 'Standard', 'G1', 4),
        (278, 'Standard', 'H1', 4),
        (279, 'Standard', 'A2', 4),
        (280, 'Standard', 'B2', 4),
        (281, 'Standard', 'C2', 4),
        (282, 'Standard', 'D2', 4),
        (283, 'Standard', 'E2', 4),
        (284, 'Standard', 'F2', 4),
        (285, 'Standard', 'G2', 4),
        (286, 'Standard', 'H2', 4),
        (287, 'Standard', 'A3', 4),
        (288, 'Standard', 'B3', 4),
        (289, 'Standard', 'C3', 4),
        (290, 'Standard', 'D3', 4),
        (291, 'Standard', 'E3', 4),
        (292, 'Standard', 'F3', 4),
        (293, 'Standard', 'G3', 4),
        (294, 'Standard', 'H3', 4),
        (295, 'Standard', 'A4', 4),
        (296, 'Standard', 'B4', 4),
        (297, 'Standard', 'C4', 4),
        (298, 'Standard', 'D4', 4),
        (299, 'Standard', 'E4', 4),
        (300, 'Standard', 'F4', 4),
        (301, 'Standard', 'G4', 4),
        (302, 'Standard', 'H4', 4),
        (303, 'Standard', 'A5', 4),
        (304, 'Standard', 'B5', 4),
        (305, 'Standard', 'C5', 4),
        (306, 'Standard', 'D5', 4),
        (307, 'Standard', 'E5', 4),
        (308, 'Standard', 'F5', 4),
        (309, 'Standard', 'G5', 4),
        (310, 'Standard', 'H5', 4),
        (311, 'Standard', 'A6', 4),
        (312, 'Standard', 'B6', 4),
        (313, 'Standard', 'C6', 4),
        (314, 'Standard', 'D6', 4),
        (315, 'Standard', 'E6', 4),
        (316, 'Standard', 'F6', 4),
        (317, 'Standard', 'G6', 4),
        (318, 'Standard', 'H6', 4),
        (319, 'Standard', 'A7', 4),
        (320, 'Standard', 'B7', 4),
        (321, 'Standard', 'C7', 4),
        (322, 'Standard', 'D7', 4),
        (323, 'Standard', 'E7', 4),
        (324, 'Standard', 'F7', 4),
        (325, 'Standard', 'G7', 4),
        (326, 'Standard', 'H7', 4),
        (327, 'Standard', 'A8', 4),
        (328, 'Standard', 'B8', 4),
        (329, 'Standard', 'C8', 4),
        (330, 'Standard', 'D8', 4),
        (331, 'Standard', 'E8', 4),
        (332, 'Standard', 'F8', 4),
        (333, 'Standard', 'G8', 4),
        (334, 'Standard', 'H8', 4),
        (335, 'Standard', 'A9', 4),
        (336, 'Standard', 'B9', 4),
        (337, 'Standard', 'C9', 4),
        (338, 'Standard', 'D9', 4),
        (339, 'Standard', 'E9', 4),
        (340, 'Standard', 'F9', 4),
        (341, 'Standard', 'G9', 4),
        (342, 'Standard', 'H9', 4),
        (343, 'Standard', 'A10', 4),
        (344, 'Standard', 'B10', 4),
        (345, 'Standard', 'C10', 4),
        (346, 'Standard', 'D10', 4),
        (347, 'Standard', 'E10', 4),
        (348, 'Standard', 'F10', 4),
        (349, 'Standard', 'G10', 4),
        (350, 'Standard', 'H10', 4),
        (351, 'Couple', 'I1', 4),
        (352, 'Couple', 'J1', 4),
        (353, 'Couple', 'I2', 4),
        (354, 'Couple', 'J2', 4),
        (355, 'Couple', 'I3', 4),
        (356, 'Couple', 'J3', 4),
        (357, 'Couple', 'I4', 4),
        (358, 'Couple', 'J4', 4),
        (359, 'Couple', 'I5', 4),
        (360, 'Couple', 'J5', 4),
        (361, 'Standard', 'A1', 5),
        (362, 'Standard', 'B1', 5),
        (363, 'Standard', 'C1', 5),
        (364, 'Standard', 'D1', 5),
        (365, 'Standard', 'E1', 5),
        (366, 'Standard', 'F1', 5),
        (367, 'Standard', 'G1', 5),
        (368, 'Standard', 'H1', 5),
        (369, 'Standard', 'A2', 5),
        (370, 'Standard', 'B2', 5),
        (371, 'Standard', 'C2', 5),
        (372, 'Standard', 'D2', 5),
        (373, 'Standard', 'E2', 5),
        (374, 'Standard', 'F2', 5),
        (375, 'Standard', 'G2', 5),
        (376, 'Standard', 'H2', 5),
        (377, 'Standard', 'A3', 5),
        (378, 'Standard', 'B3', 5),
        (379, 'Standard', 'C3', 5),
        (380, 'Standard', 'D3', 5),
        (381, 'Standard', 'E3', 5),
        (382, 'Standard', 'F3', 5),
        (383, 'Standard', 'G3', 5),
        (384, 'Standard', 'H3', 5),
        (385, 'Standard', 'A4', 5),
        (386, 'Standard', 'B4', 5),
        (387, 'Standard', 'C4', 5),
        (388, 'Standard', 'D4', 5),
        (389, 'Standard', 'E4', 5),
        (390, 'Standard', 'F4', 5),
        (391, 'Standard', 'G4', 5),
        (392, 'Standard', 'H4', 5),
        (393, 'Standard', 'A5', 5),
        (394, 'Standard', 'B5', 5),
        (395, 'Standard', 'C5', 5),
        (396, 'Standard', 'D5', 5),
        (397, 'Standard', 'E5', 5),
        (398, 'Standard', 'F5', 5),
        (399, 'Standard', 'G5', 5),
        (400, 'Standard', 'H5', 5),
        (401, 'Standard', 'A6', 5),
        (402, 'Standard', 'B6', 5),
        (403, 'Standard', 'C6', 5),
        (404, 'Standard', 'D6', 5),
        (405, 'Standard', 'E6', 5),
        (406, 'Standard', 'F6', 5),
        (407, 'Standard', 'G6', 5),
        (408, 'Standard', 'H6', 5),
        (409, 'Standard', 'A7', 5),
        (410, 'Standard', 'B7', 5),
        (411, 'Standard', 'C7', 5),
        (412, 'Standard', 'D7', 5),
        (413, 'Standard', 'E7', 5),
        (414, 'Standard', 'F7', 5),
        (415, 'Standard', 'G7', 5),
        (416, 'Standard', 'H7', 5),
        (417, 'Standard', 'A8', 5),
        (418, 'Standard', 'B8', 5),
        (419, 'Standard', 'C8', 5),
        (420, 'Standard', 'D8', 5),
        (421, 'Standard', 'E8', 5),
        (422, 'Standard', 'F8', 5),
        (423, 'Standard', 'G8', 5),
        (424, 'Standard', 'H8', 5),
        (425, 'Standard', 'A9', 5),
        (426, 'Standard', 'B9', 5),
        (427, 'Standard', 'C9', 5),
        (428, 'Standard', 'D9', 5),
        (429, 'Standard', 'E9', 5),
        (430, 'Standard', 'F9', 5),
        (431, 'Standard', 'G9', 5),
        (432, 'Standard', 'H9', 5),
        (433, 'Standard', 'A10', 5),
        (434, 'Standard', 'B10', 5),
        (435, 'Standard', 'C10', 5),
        (436, 'Standard', 'D10', 5),
        (437, 'Standard', 'E10', 5),
        (438, 'Standard', 'F10', 5),
        (439, 'Standard', 'G10', 5),
        (440, 'Standard', 'H10', 5),
        (441, 'Couple', 'I1', 5),
        (442, 'Couple', 'J1', 5),
        (443, 'Couple', 'I2', 5),
        (444, 'Couple', 'J2', 5),
        (445, 'Couple', 'I3', 5),
        (446, 'Couple', 'J3', 5),
        (447, 'Couple', 'I4', 5),
        (448, 'Couple', 'J4', 5),
        (449, 'Couple', 'I5', 5),
        (450, 'Couple', 'J5', 5),
        (451, 'Standard', 'A1', 6),
        (452, 'Standard', 'B1', 6),
        (453, 'Standard', 'C1', 6),
        (454, 'Standard', 'D1', 6),
        (455, 'Standard', 'E1', 6),
        (456, 'Standard', 'F1', 6),
        (457, 'Standard', 'G1', 6),
        (458, 'Standard', 'H1', 6),
        (459, 'Standard', 'A2', 6),
        (460, 'Standard', 'B2', 6),
        (461, 'Standard', 'C2', 6),
        (462, 'Standard', 'D2', 6),
        (463, 'Standard', 'E2', 6),
        (464, 'Standard', 'F2', 6),
        (465, 'Standard', 'G2', 6),
        (466, 'Standard', 'H2', 6),
        (467, 'Standard', 'A3', 6),
        (468, 'Standard', 'B3', 6),
        (469, 'Standard', 'C3', 6),
        (470, 'Standard', 'D3', 6),
        (471, 'Standard', 'E3', 6),
        (472, 'Standard', 'F3', 6),
        (473, 'Standard', 'G3', 6),
        (474, 'Standard', 'H3', 6),
        (475, 'Standard', 'A4', 6),
        (476, 'Standard', 'B4', 6),
        (477, 'Standard', 'C4', 6),
        (478, 'Standard', 'D4', 6),
        (479, 'Standard', 'E4', 6),
        (480, 'Standard', 'F4', 6),
        (481, 'Standard', 'G4', 6),
        (482, 'Standard', 'H4', 6),
        (483, 'Standard', 'A5', 6),
        (484, 'Standard', 'B5', 6),
        (485, 'Standard', 'C5', 6),
        (486, 'Standard', 'D5', 6),
        (487, 'Standard', 'E5', 6),
        (488, 'Standard', 'F5', 6),
        (489, 'Standard', 'G5', 6),
        (490, 'Standard', 'H5', 6),
        (491, 'Standard', 'A6', 6),
        (492, 'Standard', 'B6', 6),
        (493, 'Standard', 'C6', 6),
        (494, 'Standard', 'D6', 6),
        (495, 'Standard', 'E6', 6),
        (496, 'Standard', 'F6', 6),
        (497, 'Standard', 'G6', 6),
        (498, 'Standard', 'H6', 6),
        (499, 'Standard', 'A7', 6),
        (500, 'Standard', 'B7', 6),
        (501, 'Standard', 'C7', 6),
        (502, 'Standard', 'D7', 6),
        (503, 'Standard', 'E7', 6),
        (504, 'Standard', 'F7', 6),
        (505, 'Standard', 'G7', 6),
        (506, 'Standard', 'H7', 6),
        (507, 'Standard', 'A8', 6),
        (508, 'Standard', 'B8', 6),
        (509, 'Standard', 'C8', 6),
        (510, 'Standard', 'D8', 6),
        (511, 'Standard', 'E8', 6),
        (512, 'Standard', 'F8', 6),
        (513, 'Standard', 'G8', 6),
        (514, 'Standard', 'H8', 6),
        (515, 'Standard', 'A9', 6),
        (516, 'Standard', 'B9', 6),
        (517, 'Standard', 'C9', 6),
        (518, 'Standard', 'D9', 6),
        (519, 'Standard', 'E9', 6),
        (520, 'Standard', 'F9', 6),
        (521, 'Standard', 'G9', 6),
        (522, 'Standard', 'H9', 6),
        (523, 'Standard', 'A10', 6),
        (524, 'Standard', 'B10', 6),
        (525, 'Standard', 'C10', 6),
        (526, 'Standard', 'D10', 6),
        (527, 'Standard', 'E10', 6),
        (528, 'Standard', 'F10', 6),
        (529, 'Standard', 'G10', 6),
        (530, 'Standard', 'H10', 6),
        (531, 'Couple', 'I1', 6),
        (532, 'Couple', 'J1', 6),
        (533, 'Couple', 'I2', 6),
        (534, 'Couple', 'J2', 6),
        (535, 'Couple', 'I3', 6),
        (536, 'Couple', 'J3', 6),
        (537, 'Couple', 'I4', 6),
        (538, 'Couple', 'J4', 6),
        (539, 'Couple', 'I5', 6),
        (540, 'Couple', 'J5', 6),
        (541, 'Standard', 'A1', 7),
        (542, 'Standard', 'B1', 7),
        (543, 'Standard', 'C1', 7),
        (544, 'Standard', 'D1', 7),
        (545, 'Standard', 'E1', 7),
        (546, 'Standard', 'F1', 7),
        (547, 'Standard', 'G1', 7),
        (548, 'Standard', 'H1', 7),
        (549, 'Standard', 'A2', 7),
        (550, 'Standard', 'B2', 7),
        (551, 'Standard', 'C2', 7),
        (552, 'Standard', 'D2', 7),
        (553, 'Standard', 'E2', 7),
        (554, 'Standard', 'F2', 7),
        (555, 'Standard', 'G2', 7),
        (556, 'Standard', 'H2', 7),
        (557, 'Standard', 'A3', 7),
        (558, 'Standard', 'B3', 7),
        (559, 'Standard', 'C3', 7),
        (560, 'Standard', 'D3', 7),
        (561, 'Standard', 'E3', 7),
        (562, 'Standard', 'F3', 7),
        (563, 'Standard', 'G3', 7),
        (564, 'Standard', 'H3', 7),
        (565, 'Standard', 'A4', 7),
        (566, 'Standard', 'B4', 7),
        (567, 'Standard', 'C4', 7),
        (568, 'Standard', 'D4', 7),
        (569, 'Standard', 'E4', 7),
        (570, 'Standard', 'F4', 7),
        (571, 'Standard', 'G4', 7),
        (572, 'Standard', 'H4', 7),
        (573, 'Standard', 'A5', 7),
        (574, 'Standard', 'B5', 7),
        (575, 'Standard', 'C5', 7),
        (576, 'Standard', 'D5', 7),
        (577, 'Standard', 'E5', 7),
        (578, 'Standard', 'F5', 7),
        (579, 'Standard', 'G5', 7),
        (580, 'Standard', 'H5', 7),
        (581, 'Standard', 'A6', 7),
        (582, 'Standard', 'B6', 7),
        (583, 'Standard', 'C6', 7),
        (584, 'Standard', 'D6', 7),
        (585, 'Standard', 'E6', 7),
        (586, 'Standard', 'F6', 7),
        (587, 'Standard', 'G6', 7),
        (588, 'Standard', 'H6', 7),
        (589, 'Standard', 'A7', 7),
        (590, 'Standard', 'B7', 7),
        (591, 'Standard', 'C7', 7),
        (592, 'Standard', 'D7', 7),
        (593, 'Standard', 'E7', 7),
        (594, 'Standard', 'F7', 7),
        (595, 'Standard', 'G7', 7),
        (596, 'Standard', 'H7', 7),
        (597, 'Standard', 'A8', 7),
        (598, 'Standard', 'B8', 7),
        (599, 'Standard', 'C8', 7),
        (600, 'Standard', 'D8', 7),
        (601, 'Standard', 'E8', 7),
        (602, 'Standard', 'F8', 7),
        (603, 'Standard', 'G8', 7),
        (604, 'Standard', 'H8', 7),
        (605, 'Standard', 'A9', 7),
        (606, 'Standard', 'B9', 7),
        (607, 'Standard', 'C9', 7),
        (608, 'Standard', 'D9', 7),
        (609, 'Standard', 'E9', 7),
        (610, 'Standard', 'F9', 7),
        (611, 'Standard', 'G9', 7),
        (612, 'Standard', 'H9', 7),
        (613, 'Standard', 'A10', 7),
        (614, 'Standard', 'B10', 7),
        (615, 'Standard', 'C10', 7),
        (616, 'Standard', 'D10', 7),
        (617, 'Standard', 'E10', 7),
        (618, 'Standard', 'F10', 7),
        (619, 'Standard', 'G10', 7),
        (620, 'Standard', 'H10', 7),
        (621, 'Couple', 'I1', 7),
        (622, 'Couple', 'J1', 7),
        (623, 'Couple', 'I2', 7),
        (624, 'Couple', 'J2', 7),
        (625, 'Couple', 'I3', 7),
        (626, 'Couple', 'J3', 7),
        (627, 'Couple', 'I4', 7),
        (628, 'Couple', 'J4', 7),
        (629, 'Couple', 'I5', 7),
        (630, 'Couple', 'J5', 7);
INSERT INTO movie (id, cast, director, duration, genre, language, opening_day, poster, rated, status, story, title, trailer)
VALUES  (1, 'Greg Han Hsu, Gingle Wang', 'Wei Hao Cheng', 130, 'Drama', 'Chinese', '2023-04-07', 'http://booking.bhdstar.vn/CDN/media/entity/get/FilmPosterGraphic/HO00002654?referenceScheme=HeadOffice&allowPlaceHolder=true&height=500', 'T13', 'Over', 'Ming-Han, một sĩ quan cảnh sát nhiệt huyết, trong quá trình truy bắt tội phạm đã tìm thấy một phong bì cưới màu đỏ và chủ nhân của nó là hồn ma Mao-Mao với nguyện vọng phải được kết hôn với một sĩ quan cảnh sát trước khi tái sinh...', 'MARRY MY DEAD ', 'https://www.youtube.com/embed/S2kymv60ndQ'),
        (2, 'Henry Golding, Noomi Repace', 'Camille Delamarre', 109, 'Action', 'English', '2023-04-07', 'http://booking.bhdstar.vn/CDN/media/entity/get/FilmPosterGraphic/HO00002661?referenceScheme=HeadOffice&allowPlaceHolder=true&height=500', 'T13', 'Over', 'Bảy tên sát thủ vô tình bị thiết lập trong một trò chơi sống còn. Morgan Gaines- một sát thủ chuyên nghiệp có nhiệm vụ phải giết bảy người,Morgan phát hiện ra bảy "mục tiêu" cũng là bảy sát thủ nặng ký. Lối thoát duy nhất cho Morgan là tìm ra kẻ chủ mưu..', 'ASSASSIN CLUB', 'https://www.youtube.com/embed/usYcScx3yMk'),
        (3, 'Chris Pratt, Anya Taylor-Joy', 'Aaron Horvath', 93, 'Animation', 'English', '2023-04-07', 'http://booking.bhdstar.vn/CDN/media/entity/get/FilmPosterGraphic/HO00002631?referenceScheme=HeadOffice&allowPlaceHolder=true&height=500', 'T13', 'Over', 'Theo chân anh chàng thợ sửa ống nước tên Mario cùng công chúa Peach của Vương quốc Nấm trong cuộc phiêu lưu giải cứu anh trai Luigi đang bị bắt cóc và ngăn chặn tên độc tài Bowser, kẻ đang âm mưu thôn tính thế giới', 'THE SUPER MARIO BROS. MOVIE', 'https://www.youtube.com/embed/wODah30-agA'),
        (4, 'Baipor Thitiya Jirapornsilp, Tony Anthony Buisseret', 'Waew Waewwan Hongvivatana', 121, 'Drama', 'English', '2023-04-07', 'http://booking.bhdstar.vn/CDN/media/entity/get/FilmPosterGraphic/HO00002669?referenceScheme=HeadOffice&allowPlaceHolder=true&height=500', 'T13', 'Over', 'Hai chị em sinh đôi "You" và "Me"có ngoại hình và sở thích giống hệt nhau,thân thiết đến mức họ có thể chia sẻ mọi khía cạnh trong cuộc sống,cho đến khi một cậu bé - "mối tình đầu" của họ xuất hiện và đặt ra những thử thách khó khăn cho mối quan hệ của họ', 'YOU & ME & ME ', 'https://www.youtube.com/embed/S2kymv60ndQ'),
        (5, 'Amelia Henderson, Alif Satar', 'Eu  Ho', 112, 'Horror', 'Chinese', '2023-03-31', 'http://booking.bhdstar.vn/CDN/media/entity/get/FilmPosterGraphic/HO00002673?referenceScheme=HeadOffice&allowPlaceHolder=true&height=500', 'T18', 'Over', 'Kỳ nghỉ của nhóm bạn trẻ biến thành cơn ác mộng kinh hoàng sau khi họ thua một cuộc cá cược,họ buộc phải qua đêm tại một đảo hoang, khi tình cờ đến một ngôi làng bị bỏ hoang bí ẩn ở đó, họ đã phá vỡ câu thần chú cũ được đặt để kiềm chế một linh hồn tàn ác', 'PULAU ', 'https://www.youtube.com/embed/S2kymv60ndQ'),
        (6, 'Võ Tấn Phát, Hoàng  Oanh', 'Tạ Nguyên Hiệp', 104, 'Comedy', 'Vietnamese', '2023-03-31', 'http://booking.bhdstar.vn/CDN/media/entity/get/FilmPosterGraphic/HO00002633?referenceScheme=HeadOffice&allowPlaceHolder=true&height=500', 'T13', 'Over', 'Xoay quanh bộ đôi Khuê và Phong. Sau lần chạm trán tình cờ, bộ đôi lôi kéo gia đình Bảy Cục tham gia vào phi vụ đặc biệt: Đánh tráo chiếc vòng đính hôn bằng kim cương quí giá và lật tẩy bộ mặt thật của Tuấn-chồng cũ của Khuê...', 'BIỆT ĐỘI RẤT ỔN', 'https://www.youtube.com/embed/6qZbBiL65cI'),
        (7, 'Nadezhda Kaleganova, Viktor Dobronravov', 'Dmitriy Suvorov', 96, 'Drama', 'English', '2023-03-31', 'http://booking.bhdstar.vn/CDN/media/entity/get/FilmPosterGraphic/HO00002580?referenceScheme=HeadOffice&allowPlaceHolder=true&height=500', 'T13', 'Over', 'Cặp vợ chồng mới cưới Larisa và Vladimir trở về nhà từ tuần trăng mật ở Blagoveshchensk và bị va chạm máy bay, Larisa phải vật lộn với cái đói cái lạnh và động vật hoang dã săn mồi. Liệu Larisa có tìm được vị hôn phu và cùng sống sót trở về ?', 'THE ONE', 'https://www.youtube.com/embed/S2kymv60ndQ'),
        (8, 'Kim Da-Mi, Woo-Seok Byeon', 'Young-Keun Min', 124, 'Drama', 'English', '2023-03-24', 'http://booking.bhdstar.vn/CDN/media/entity/get/FilmPosterGraphic/HO00002611?referenceScheme=HeadOffice&allowPlaceHolder=true&height=500', 'T13', 'Over', 'Mi So và Ha Eun trong một mối quan hệ chồng chéo chất chứa những hạnh phúc, rung động và biệt ly. Từ giây phút gặp nhau , hai cô gái đã hình thành sợi dây liên kết đặc biệt nhưng mối quan hệ của họ rạn nứt khi một chàng trai xuất hiện...', 'SOULMATE', 'https://www.youtube.com/embed/pGAFcV97dpw'),
        (9, 'Má Thị Di', 'Hà Lệ Diễm', 93, 'Documentary', 'Vietnamese', '2023-03-17', 'http://booking.bhdstar.vn/CDN/media/entity/get/FilmPosterGraphic/HO00002676?referenceScheme=HeadOffice&allowPlaceHolder=true&height=500', 'T13', 'Over', 'Di, một cô gái trẻ nhiệt huyết đến từ cộng đồng người Mông bị mắc kẹt giữa truyền thống "kéo vợ" và mong muốn được tiếp tục sống thời thơ ấu và đến trường đi học , liệu với trái tim trong sáng ấy , Di sẽ đối diện với xã hội ấy như thế nào...?
', 'NHỮNG ĐỨA TRẺ TRONG SƯƠNG', 'https://www.youtube.com/embed/S2kymv60ndQ'),
        (10, 'Mạc Văn Khoa, Anh Tú', 'Võ Thanh Hòa', 112, 'Comedy', 'Vietnamese', '2023-03-03', 'http://booking.bhdstar.vn/CDN/media/entity/get/FilmPosterGraphic/HO00002593?referenceScheme=HeadOffice&allowPlaceHolder=true&height=500', 'P', 'Over', 'Khoa, một tên lừa đảo tới Phú Quốc với mục tiêu đổi đời. Không ngờ đây là sân nhà của Tú, một tên lừa đảo chuyên nghiệp, cả hai bắt tay cùng thực hiện một phi vụ siêu lớn và mục tiêu là các quý bà giàu có và đam mê sự nổi tiếng', 'SIÊU LỪA GẶP SIÊU LẦY', 'https://www.youtube.com/embed/xy8RznX_uyM'),
        (11, 'Viola Davis', 'Ben  Affleck', 112, 'Drama', 'English', '2023-04-14', 'http://booking.bhdstar.vn/CDN/media/entity/get/FilmPosterGraphic/HO00002670?referenceScheme=HeadOffice&allowPlaceHolder=true&height=500', 'T13', 'Over', 'Bí mật trong mối quan hệ hợp tác lịch sử giữa Nike và một vận động viên bóng rổ vĩ đại.Cả hai đã cho ra mắt thương hiệu Air Jordan đình đám và theo chân Sonny Vaccaro- saleman của Nike trong hành trình tiếp cận và đánh cược cả sự nghiệp vào Michael Jordan', 'AIR', 'https://www.youtube.com/embed/S2kymv60ndQ'),
        (12, 'Thái Hòa, Thu  Trang', 'Vũ  Ngọc Đãng', 100, '', 'Vietnamese', '2023-04-28', 'http://booking.bhdstar.vn/CDN/media/entity/get/FilmPosterGraphic/HO00002650?referenceScheme=HeadOffice&allowPlaceHolder=true&height=500', 'T13', 'Over', 'Là câu chuyện của Nhót - Người phụ nữ "chưa kịp già" đã sắp bị mãn kinh, vội vàng đi tìm chồng. Nhưng sâu thẳm trong cô là khao khát muốn có một đứa con và luôn muốn hàn gắn với người cha suốt ngày say xỉn của mình', 'CHUYỆN XÓM TUI : CON NHÓT MÓT CHỒNG', 'https://www.youtube.com/embed/qehxOMR-rFQ'),
        (13, 'Chris Pine, Michelle Rodriguez', 'John Francis Daley', 134, 'Adventure', 'English', '2023-04-21', 'http://booking.bhdstar.vn/CDN/media/entity/get/FilmPosterGraphic/HO00002629?referenceScheme=HeadOffice&allowPlaceHolder=true&height=500', 'T13', 'Over', 'Theo chân một tên trộm quyến rũ và một nhóm những kẻ bịp bợm nghiệp dư thực hiện vụ trộm sử thi nhằm lấy lại một di vật đã mất, nhưng mọi thứ trở nên nguy hiểm khó lường hơn bao giờ hết khi họ đã chạm trám nhầm người...', 'DUNGEONS & DRAGONS: HONOR AMONG THIEVES ', 'https://www.youtube.com/embed/iTZJ-uwIZxg'),
        (14, 'Leah Lewis, Mamoudou Athie', 'Peter Sohn', 93, 'Animation', 'English', '2023-06-16', 'http://booking.bhdstar.vn/CDN/media/entity/get/FilmPosterGraphic/HO00002677?referenceScheme=HeadOffice&allowPlaceHolder=true&height=500', 'T13', 'Over', 'Ember, một cô nàng cá tính, thông minh, mạnh mẽ và đầy sức hút. Tuy nhiên mối quan hệ của cô với Wade- một anh chàng hài hước, luôn thuận thế đẩy dòng - khiến Ember cảm thấy ngờ vực với thế giới này...', 'ELEMENTAL', 'https://www.youtube.com/embed/K19bf6ButD4'),
        (15, 'Chris  Pratt, Zoe Saldana', 'James  Gunn', 119, 'Adventure', 'English', '2023-05-03', 'http://booking.bhdstar.vn/CDN/media/entity/get/FilmPosterGraphic/HO00002647?referenceScheme=HeadOffice&allowPlaceHolder=true&height=500', 'P', 'Over', 'Cho dù vũ trụ này có bao la đến đâu, các Vệ Binh của chúng ta cũng không thể trốn chạy mãi mãi...', 'GUARDIANS OF THE GALAXY 3', 'https://www.youtube.com/watch?v=Pp6reH8bpZ8'),
        (16, 'Duy Khánh, Quốc Cường', 'Lý  Hải', 132, 'Action', 'Vietnames', '2023-04-28', 'http://booking.bhdstar.vn/CDN/media/entity/get/FilmPosterGraphic/HO00002653?referenceScheme=HeadOffice&allowPlaceHolder=true&height=500', 'T13', 'Over', 'Nhóm bạn thân lâu năm bất ngờ nhận được cơ hội đổi đời khi biết tấm vé của cả nhóm trúng giải độc đắc 136.8 tỷ. Đột nhiên An,người giữ tấm vé bất ngờ qua đời, liệu trong hành trình tìm kiếm và chia chác món tiền trong mơ béo bở này sẽ đưa cả nhóm đến đâu?', 'LẬT MẶT 6', 'https://www.youtube.com/watch?v=tpjjd7usfnA'),
        (17, 'Riku Hagiwara, Yusei Yagi', '', 98, 'Animation', 'Japanese', '2023-04-14', 'http://booking.bhdstar.vn/CDN/media/entity/get/FilmPosterGraphic/HO00002651?referenceScheme=HeadOffice&allowPlaceHolder=true&height=500', 'T13', 'Over', 'Hira, 17 tuổi, cố gắng ẩn mình ở trường, không bao giờ muốn phơi bày tật nói lắp của mình với các bạn cùng lớp. Anh ấy nhìn thế giới qua ống kính máy ảnh của mình, cho đến một ngày Kiyoi Sou bước qua cửa lớp...', 'MY BEAUTIFUL MAN MOVIE: SPECIAL EDITION', 'https://www.youtube.com/embed/S2kymv60ndQ'),
        (18, 'Nicolas  Cage, Nicholas Hoult', 'Chris McKay', 95, 'Horror', 'English', '2023-04-14', 'http://booking.bhdstar.vn/CDN/media/entity/get/FilmPosterGraphic/HO00002656?referenceScheme=HeadOffice&allowPlaceHolder=true&height=500', 'T13', 'Over', 'Renfield bị buộc phải bắt con mồi về cho chủ nhân và thực hiện mọi mệnh lệnh, kể cả những việc nhục nhã. Nhưng giờ đây, sau nhiều thế kỷ làm nô lệ, Renfield đã sẵn sàng để khám phá cuộc sống bên ngoài cái bóng của Hoàng Tử Bóng Đêm...', 'RENFIELD', 'https://www.youtube.com/watch?v=_hO0vGwqClM'),
        (19, 'Daniel Lascar', 'Alessandro Antonaci', 93, 'Horror', 'English', '2023-04-21', 'http://booking.bhdstar.vn/CDN/media/entity/get/FilmPosterGraphic/HO00002666?referenceScheme=HeadOffice&allowPlaceHolder=true&height=500', 'T13', 'Over', 'Trở về nhà sau mất mát của cha mẹ, Emma vô tình giải phóng những linh hồn quá khứ mắc kẹt trong chiếc radio cổ. Vô số câu chuyện bí ẩn lần lượt được vạch trần, liệu Emma sẽ tỉnh táo đối mặt hay cô sẽ bị nhấn chìm bởi quỹ dữ ?', 'SOUND OF SILENCE', 'https://www.youtube.com/embed/S2kymv60ndQ'),
        (20, 'Ben  Affleck, Michael Shannon', 'Andy  Muschietti', 120, 'Action', 'English', '2023-06-16', 'http://booking.bhdstar.vn/CDN/media/entity/get/FilmPosterGraphic/HO00002648?referenceScheme=HeadOffice&allowPlaceHolder=true&height=500', 'T13', 'Over', 'Mùa hè này, đa thế giới sẽ va chạm khốc liệt với những bước chạy của FLASH', 'THE FLASH ', 'https://www.youtube.com/watch?v=uXhf8LJq55Q'),
        (21, 'Michelle Yeoh, Dominique Fishback', 'Steven Caple Jr.', 112, 'Action', 'English', '2023-06-09', 'http://booking.bhdstar.vn/CDN/media/entity/get/FilmPosterGraphic/HO00002678?referenceScheme=HeadOffice&allowPlaceHolder=true&height=500', 'T13', 'Over', 'Bộ phim dựa trên sự kiện Beast Wars trong loạt phim hoạt hình "Transformers", nơi mà các robot có khả năng biến thành động vật khổng lồ cùng chiến đấu chống lại một mối đe dọa tiềm tàng', 'TRANSFORMERS: RISE OF THE BEASTS', 'https://www.youtube.com/watch?v=gR2pkm9XVAY'),
        (22, 'Russell Crowe, Daniel Zovatto', 'Julius Avery', 104, 'Horror', 'English', '2023-04-14', 'http://booking.bhdstar.vn/CDN/media/entity/get/FilmPosterGraphic/HO00002665?referenceScheme=HeadOffice&allowPlaceHolder=true&height=500', 'T13', 'Over', 'Từ những hồ sơ có thật của Cha Gabriele Amorth, Trưởng Trừ Tà của Vatican, "The Popes Exorcist" theo chân Amorth trong cuộc điều tra về vụ quỷ ám kinh hoàng của một cậu bé và dần khám phá ra những bí mật hàng thế kỉ mà Vatican đã cố giấu kín...', 'THE POPES EXORCIST', 'https://www.youtube.com/embed/S2kymv60ndQ'),
        (23, 'Ca sĩ Mỹ Tâm', 'MỸ TÂM', 106, 'Musical', 'English', '2023-04-08', 'http://booking.bhdstar.vn/CDN/media/entity/get/FilmPosterGraphic/HO00002663?referenceScheme=HeadOffice&allowPlaceHolder=true&height=500', 'T13', 'Over', 'Mỹ Tâm sẽ phác họa chân thực toàn bộ những diễn biến tâm lý và cảm xúc thăng trầm cùng những thăng hoa trong suốt quá trình thực hiện Liveshow "Tri Âm" lịch sử bằng những thước phim quý giá được quay lại trong 2 năm...', 'NGƯỜI GIỮ THỜI GIAN : TRI ÂM ', 'https://www.youtube.com/embed/8BdO_M8bUZo'),
        (24, 'Chris Pine, Evan Peters', ' Chris Buck, Fawn Veerasunthorn', 94, ' Animation', 'English', '2023-11-24', 'https://booking.bhdstar.vn/CDN/media/entity/get/FilmPosterGraphic/HO00002839/?referenceScheme=HeadOffice&allowPlaceHolder=true&height=500', 'P', 'Ongoing', 'Điều ước sẽ đi theo cô gái trẻ Asha, người ước nguyện dưới vì sao và nhận được nhiều hơn mong đợi khi một ngôi sao rắc rối từ trên trời rơi xuống để đồng hành cùng cô. Cô sẽ đối mặt với những kẻ thù ghê gớm nhất vũ trụ và phải hợp sức với Star...', 'WISH', 'https://youtu.be/oyRxxpD3yNw?si=jRSACbctdNf5FrgM'),
        (25, 'Phương Anh Đào, Miu Lê', ' Thắng Vũ', 114, 'Drama', 'Vietnamese', '2023-11-24', 'https://booking.bhdstar.vn/CDN/media/entity/get/FilmPosterGraphic/HO00002733/?referenceScheme=HeadOffice&allowPlaceHolder=true&height=500', 'T18', 'Ongoing', 'Người vợ của một gia đình thượng lưu thuê cô bảo mẫu “trong mơ” để chăm sóc con trai mình. Nhưng cô không ngờ rằng, phía sau sự trong sáng, tinh khiết kia, cô bảo mẫu luôn che giấu âm mưu nhằm phá hoại hạnh phúc gia đình và khiến cuộc sống của cô thay đổi', 'CHIẾM ĐOẠT', 'https://youtu.be/7fxTYETyjDw?si=LmqFU9ikDj1r91a6'),
        (26, 'Brie Larson, Samuel L. Jackson', 'Nia DaCosta', 104, 'Adventure', 'English', '2023-11-10', 'https://booking.bhdstar.vn/CDN/media/entity/get/FilmPosterGraphic/HO00002701/?referenceScheme=HeadOffice&allowPlaceHolder=true&height=500', 'T13', 'Ongoing', 'Carol Danvers bị vướng vào sức mạnh của Kamala Khan và Monica Rambeau, buộc họ phải hợp tác với nhau để cứu vũ trụ', 'THE MARVEL', 'https://youtu.be/uwmDH12MAA4?si=zbhNQIIS_kYlkuVR'),
        (27, ' Lâm Triết Hy, Trương Ninh', 'Lester Hsi', 101, ' Horror', 'Chinese', '2023-11-24', 'https://booking.bhdstar.vn/CDN/media/entity/get/FilmPosterGraphic/HO00002834/?referenceScheme=HeadOffice&allowPlaceHolder=true&height=500', 'T16', 'Ongoing', 'Một ngôi trường có cấu trúc xây dựng hình nghịch bát quái nhằm bẫy những linh hồn vất vưởng để tránh chúng phá hoại. Nhưng không ngờ điều này đã khiến sinh viên chứng kiến nhiều chuyện kì quái khó tin, ngôi trường dần dà trở nên ma mị và nhiều âm khí...', 'THE BRIDGE CURSE 2: RITUAL', 'https://youtu.be/oe6jTUhD_p4?si=APFmmX7jmGuFK9NZ'),
        (28, 'Song Joong Ki, Kim Hyeong Seo', ' Kim Chang Hoon', 123, 'Crime', 'Korean', '2023-11-17', 'https://booking.bhdstar.vn/CDN/media/entity/get/FilmPosterGraphic/HO00002821/?referenceScheme=HeadOffice&allowPlaceHolder=true&height=500', 'T18', 'Ongoing', 'Sinh ra và lớn lên tại nơi không có lấy một tia sáng hy vọng, Yeon Gyu quyết tâm phải thoát khỏi chốn địa ngục này. Cậu tình cờ gặp được Chi Geon - một người có máu mặt trong tổ chức tội phạm. Liệu Yeon Gyu có thoát khỏi thế giới đầy rẫy nguy hiểm không?', 'HOPELESS', 'https://youtu.be/R-Dw6aI6lvY?si=92dQFChN7MzNA6FU'),
        (29, 'SHINEE BAND', ' Lee Hubin', 111, 'Documentary', 'Korean', '2023-11-24', 'https://booking.bhdstar.vn/CDN/media/entity/get/FilmPosterGraphic/HO00002820/?referenceScheme=HeadOffice&allowPlaceHolder=true&height=500', 'P', 'Ongoing', 'Như một món quà kỷ niệm 15 năm ra mắt, MY SHINee WORLD sẽ mang đến những khoảnh khắc của SHINee cùng người hâm mộ suốt hơn một thập kỷ qua và lần theo từng chặng đường của SHINee dưới góc nhìn của SHINee WORLD.', 'MY SHINEE WORLD', null),
        (30, 'Hoàng Hà, NSUT Chiều Xuân, Võ Điền Gia Huy', 'Trần Hữu Tấn', 100, 'Horror', 'Vietnamese', '2023-12-08', 'https://booking.bhdstar.vn/CDN/media/entity/get/FilmPosterGraphic/HO00002853/?referenceScheme=HeadOffice&allowPlaceHolder=true&height=500', 'T18', 'Upcoming', 'Hàng loạt cái chết bí ẩn tại một ngôi làng nơi tồn tại ma thuật tà ác cổ xưa: 5 mạng sống đổi lấy một chai Rượu Sọ Người. Bộ phim đưa người xem quay ngược thời gian khám phá những cái chết rùng rợn và sự hiện diện của các thế lực đen tối đang hoành hành.', 'KẺ ĂN HỒN', 'https://youtu.be/Ac5PuRpFeRU?si=Ex-OF0JVihEhG2-m'),
        (31, 'Elizabeth Banks, Carol Kane', 'Benjamin Renner', 110, 'Animation', 'English', '2023-12-29', 'https://booking.bhdstar.vn/CDN/media/entity/get/FilmPosterGraphic/HO00002759/?referenceScheme=HeadOffice&allowPlaceHolder=true&height=500', 'P', 'Upcoming', 'Cùng theo chân một gia đình vịt trời gồm vịt bố, vịt mẹ, cậu con trai Dax và vịt út Gwen, trong lần đầu tiên trải nghiệm chuyến di cư tiến về phía nam để trú đông. Với khung cảnh rực rỡ sắc trời thu tại một chiếc ao ở New England.', 'MIGRATION', 'https://youtu.be/ItiZ_j-tu0I?si=7B2h_yEDER8jUFI6'),
        (32, 'Vanessa Kirby, Joaquin Phoenix', 'Ridley Scott', 158, 'Action/ Adventure', 'Frech', '2023-12-01', 'https://booking.bhdstar.vn/CDN/media/entity/get/FilmPosterGraphic/HO00002846/?referenceScheme=HeadOffice&allowPlaceHolder=true&height=500', 'T18', 'Upcoming', 'Một thiên anh hùng ca kể về sự trỗi dậy và sụp đổ đầy trắc trở của Hoàng đế Pháp Napoléon Bonaparte và hành trình không ngừng nghỉ của ông để giành quyền lực qua lăng kính của mối quan hệ gây nghiện và đầy biến động với vợ mình, Josephine...', 'NAPOLEON', 'https://youtu.be/LIsfMO5Jd_w?si=iRyUSaUp-EPEfkOb');
insert into ticketify.show_time (id, end_at, start_at, movie_id, room_id)
values  (1, '2023-04-12 09:41:30.000000', '2023-04-12 07:57:30.000000', 6, 3),
        (2, '2023-04-08 10:09:19.000000', '2023-04-08 08:25:19.000000', 6, 2),
        (4, '2023-04-13 03:54:14.000000', '2023-04-13 02:18:14.000000', 7, 3),
        (5, '2023-04-04 17:34:36.000000', '2023-04-04 15:42:36.000000', 10, 7),
        (6, '2023-04-13 16:49:41.000000', '2023-04-13 15:05:41.000000', 6, 1),
        (7, '2023-04-01 04:10:19.000000', '2023-04-01 02:37:19.000000', 9, 6),
        (8, '2023-04-05 21:37:40.000000', '2023-04-05 20:04:40.000000', 9, 6),
        (9, '2023-04-02 14:57:13.000000', '2023-04-02 13:05:13.000000', 10, 6),
        (10, '2023-04-07 13:43:36.000000', '2023-04-07 11:42:36.000000', 4, 3),
        (12, '2023-04-07 19:09:53.000000', '2023-04-07 17:25:53.000000', 6, 5),
        (13, '2023-04-13 14:56:32.000000', '2023-04-13 12:52:32.000000', 8, 6),
        (16, '2023-04-01 13:08:24.000000', '2023-04-01 11:32:24.000000', 7, 1),
        (17, '2023-04-12 01:59:33.000000', '2023-04-12 00:26:33.000000', 3, 5),
        (18, '2023-04-10 02:04:55.000000', '2023-04-10 00:00:55.000000', 8, 2),
        (20, '2023-04-10 23:16:05.000000', '2023-04-10 21:32:05.000000', 6, 5),
        (21, '2023-04-12 09:15:43.000000', '2023-04-12 07:05:43.000000', 1, 2),
        (22, '2023-04-12 10:20:16.000000', '2023-04-12 08:36:16.000000', 6, 2),
        (23, '2023-04-01 03:50:38.000000', '2023-04-01 01:58:38.000000', 5, 6),
        (24, '2023-04-10 02:25:48.000000', '2023-04-10 00:41:48.000000', 6, 5),
        (25, '2023-04-06 22:41:39.000000', '2023-04-06 20:37:39.000000', 8, 5),
        (26, '2023-04-09 20:58:26.000000', '2023-04-09 19:06:26.000000', 10, 3),
        (27, '2023-04-09 23:11:33.000000', '2023-04-09 21:01:33.000000', 1, 5),
        (31, '2023-04-13 05:54:02.000000', '2023-04-13 04:21:02.000000', 9, 1),
        (32, '2023-04-08 01:34:43.000000', '2023-04-07 23:33:43.000000', 4, 7),
        (33, '2023-04-10 23:18:52.000000', '2023-04-10 21:17:52.000000', 4, 6),
        (34, '2023-04-07 23:48:16.000000', '2023-04-07 21:47:16.000000', 4, 6),
        (35, '2023-04-02 11:30:19.000000', '2023-04-02 09:26:19.000000', 8, 1),
        (36, '2023-04-11 00:04:12.000000', '2023-04-10 22:28:12.000000', 7, 1),
        (37, '2023-04-07 06:31:14.000000', '2023-04-07 04:39:14.000000', 10, 1),
        (38, '2023-04-09 17:50:50.000000', '2023-04-09 16:06:50.000000', 6, 1),
        (39, '2023-04-09 12:17:35.000000', '2023-04-09 10:13:35.000000', 8, 5),
        (40, '2023-04-06 13:09:24.000000', '2023-04-06 11:17:24.000000', 10, 4),
        (41, '2023-04-06 03:35:17.000000', '2023-04-06 02:02:17.000000', 9, 3),
        (42, '2023-04-12 20:28:47.000000', '2023-04-12 18:36:47.000000', 10, 6),
        (45, '2023-04-07 23:52:10.000000', '2023-04-07 22:08:10.000000', 6, 4),
        (48, '2023-04-03 13:42:55.000000', '2023-04-03 12:06:55.000000', 7, 2),
        (50, '2023-04-02 00:20:11.000000', '2023-04-01 22:47:11.000000', 9, 4),
        (52, '2023-04-09 12:01:28.000000', '2023-04-09 10:28:28.000000', 3, 7),
        (53, '2023-04-05 08:08:47.000000', '2023-04-05 06:32:47.000000', 7, 5),
        (54, '2023-04-04 21:37:25.000000', '2023-04-04 19:33:25.000000', 8, 5),
        (55, '2023-04-09 01:12:30.000000', '2023-04-08 23:11:30.000000', 4, 4),
        (56, '2023-04-07 12:44:28.000000', '2023-04-07 10:34:28.000000', 1, 1),
        (57, '2023-04-13 17:07:20.000000', '2023-04-13 15:31:20.000000', 7, 4),
        (58, '2023-04-04 04:18:05.000000', '2023-04-04 02:26:05.000000', 10, 5),
        (59, '2023-04-08 00:47:25.000000', '2023-04-07 22:55:25.000000', 5, 2),
        (60, '2023-03-31 22:21:21.000000', '2023-03-31 20:37:21.000000', 6, 7),
        (61, '2023-04-13 13:34:50.000000', '2023-04-13 11:30:50.000000', 8, 5),
        (62, '2023-04-04 00:56:06.000000', '2023-04-03 23:04:06.000000', 10, 4),
        (63, '2023-04-13 16:01:01.000000', '2023-04-13 14:12:01.000000', 2, 1),
        (64, '2023-04-09 23:49:06.000000', '2023-04-09 21:57:06.000000', 5, 6),
        (66, '2023-04-10 15:35:03.000000', '2023-04-10 13:46:03.000000', 2, 2),
        (67, '2023-04-01 20:08:34.000000', '2023-04-01 18:24:34.000000', 6, 2),
        (68, '2023-04-07 08:40:32.000000', '2023-04-07 06:48:32.000000', 10, 3),
        (69, '2023-04-08 23:51:41.000000', '2023-04-08 22:18:41.000000', 9, 6),
        (70, '2023-04-07 23:03:04.000000', '2023-04-07 21:11:04.000000', 10, 7),
        (73, '2023-04-09 22:03:22.000000', '2023-04-09 19:59:22.000000', 8, 4),
        (74, '2023-04-07 01:41:50.000000', '2023-04-07 00:08:50.000000', 9, 3),
        (75, '2023-03-31 16:29:30.000000', '2023-03-31 14:45:30.000000', 6, 1),
        (77, '2023-04-09 15:19:36.000000', '2023-04-09 13:15:36.000000', 8, 6),
        (78, '2023-04-07 14:40:26.000000', '2023-04-07 12:51:26.000000', 2, 5),
        (79, '2023-04-07 10:07:17.000000', '2023-04-07 08:06:17.000000', 4, 4),
        (80, '2023-04-01 16:42:16.000000', '2023-04-01 14:38:16.000000', 8, 5),
        (81, '2023-04-07 15:05:22.000000', '2023-04-07 12:55:22.000000', 1, 3),
        (83, '2023-04-07 06:09:07.000000', '2023-04-07 04:36:07.000000', 9, 2),
        (86, '2023-04-11 13:52:24.000000', '2023-04-11 12:00:24.000000', 10, 4),
        (87, '2023-04-08 21:04:48.000000', '2023-04-08 19:03:48.000000', 4, 2),
        (88, '2023-04-07 17:24:00.000000', '2023-04-07 15:20:00.000000', 8, 2),
        (89, '2023-04-05 21:32:06.000000', '2023-04-05 19:40:06.000000', 10, 2),
        (90, '2023-04-11 02:52:01.000000', '2023-04-11 01:00:01.000000', 5, 4),
        (91, '2023-04-04 09:51:46.000000', '2023-04-04 07:59:46.000000', 10, 7),
        (92, '2023-04-11 22:59:43.000000', '2023-04-11 21:26:43.000000', 9, 6),
        (94, '2023-04-06 18:40:57.000000', '2023-04-06 16:36:57.000000', 8, 3),
        (96, '2023-04-03 19:03:33.000000', '2023-04-03 17:27:33.000000', 7, 4),
        (99, '2023-04-03 05:16:55.000000', '2023-04-03 03:40:55.000000', 7, 5),
        (100, '2023-04-13 14:45:47.000000', '2023-04-13 12:53:47.000000', 5, 3),
        (102, '2023-04-05 03:58:17.000000', '2023-04-05 02:06:17.000000', 10, 7),
        (103, '2023-04-12 12:06:40.000000', '2023-04-12 10:33:40.000000', 3, 7),
        (104, '2023-04-13 16:10:29.000000', '2023-04-13 14:21:29.000000', 2, 1),
        (105, '2023-04-13 08:01:16.000000', '2023-04-13 06:12:16.000000', 2, 7),
        (106, '2023-04-07 14:22:43.000000', '2023-04-07 12:18:43.000000', 8, 6),
        (108, '2023-04-03 08:40:49.000000', '2023-04-03 06:48:49.000000', 10, 5),
        (109, '2023-04-10 21:07:56.000000', '2023-04-10 19:15:56.000000', 5, 2),
        (112, '2023-04-10 08:39:28.000000', '2023-04-10 07:06:28.000000', 9, 3),
        (113, '2023-04-11 16:43:53.000000', '2023-04-11 14:51:53.000000', 5, 3),
        (114, '2023-04-10 02:03:11.000000', '2023-04-10 00:30:11.000000', 9, 7),
        (115, '2023-03-31 22:36:38.000000', '2023-03-31 21:00:38.000000', 7, 3),
        (116, '2023-04-11 03:42:25.000000', '2023-04-11 02:09:25.000000', 3, 1),
        (119, '2023-04-07 19:40:46.000000', '2023-04-07 17:48:46.000000', 5, 3),
        (120, '2023-04-11 17:10:58.000000', '2023-04-11 15:37:58.000000', 9, 6),
        (121, '2023-04-08 22:57:29.000000', '2023-04-08 21:05:29.000000', 5, 6),
        (122, '2023-04-13 15:09:16.000000', '2023-04-13 13:20:16.000000', 2, 3),
        (123, '2023-04-09 06:22:40.000000', '2023-04-09 04:30:40.000000', 5, 1),
        (124, '2023-04-01 05:17:53.000000', '2023-04-01 03:25:53.000000', 10, 5),
        (126, '2023-04-11 18:48:59.000000', '2023-04-11 16:59:59.000000', 2, 4),
        (127, '2023-04-06 23:23:27.000000', '2023-04-06 21:19:27.000000', 8, 4),
        (128, '2023-04-07 19:54:32.000000', '2023-04-07 18:10:32.000000', 6, 6),
        (129, '2023-04-03 19:11:51.000000', '2023-04-03 17:35:51.000000', 7, 4),
        (131, '2023-04-02 00:29:16.000000', '2023-04-01 22:56:16.000000', 9, 7),
        (132, '2023-04-10 06:36:45.000000', '2023-04-10 04:35:45.000000', 4, 3),
        (134, '2023-04-11 08:20:23.000000', '2023-04-11 06:36:23.000000', 6, 1),
        (135, '2023-04-08 18:39:18.000000', '2023-04-08 16:47:18.000000', 10, 7),
        (136, '2023-04-09 03:15:51.000000', '2023-04-09 01:11:51.000000', 8, 6),
        (138, '2023-04-08 13:30:07.000000', '2023-04-08 11:29:07.000000', 4, 6),
        (139, '2023-04-03 22:55:51.000000', '2023-04-03 21:03:51.000000', 5, 7),
        (140, '2023-04-02 13:26:33.000000', '2023-04-02 11:22:33.000000', 8, 6),
        (144, '2023-04-12 10:59:42.000000', '2023-04-12 08:55:42.000000', 8, 1),
        (145, '2023-04-10 03:42:40.000000', '2023-04-10 01:50:40.000000', 10, 5),
        (147, '2023-04-07 15:47:57.000000', '2023-04-07 14:11:57.000000', 7, 5),
        (148, '2023-04-07 18:55:00.000000', '2023-04-07 17:22:00.000000', 9, 2),
        (149, '2023-04-11 22:50:10.000000', '2023-04-11 20:40:10.000000', 1, 2),
        (150, '2023-04-11 19:20:59.000000', '2023-04-11 17:47:59.000000', 3, 2),
        (152, '2023-04-08 04:14:47.000000', '2023-04-08 02:04:47.000000', 1, 6),
        (154, '2023-04-10 05:21:00.000000', '2023-04-10 03:32:00.000000', 2, 2),
        (155, '2023-03-31 23:09:08.000000', '2023-03-31 21:36:08.000000', 9, 1),
        (156, '2023-04-05 11:57:15.000000', '2023-04-05 10:21:15.000000', 7, 3),
        (159, '2023-04-06 23:46:16.000000', '2023-04-06 21:54:16.000000', 10, 4),
        (160, '2023-04-10 10:01:32.000000', '2023-04-10 08:28:32.000000', 9, 5),
        (161, '2023-04-03 14:03:06.000000', '2023-04-03 12:11:06.000000', 5, 4),
        (162, '2023-03-31 11:58:13.000000', '2023-03-31 10:06:13.000000', 5, 5),
        (163, '2023-04-12 19:31:52.000000', '2023-04-12 17:39:52.000000', 5, 5),
        (164, '2023-04-09 16:38:50.000000', '2023-04-09 15:05:50.000000', 9, 2),
        (165, '2023-04-06 07:09:55.000000', '2023-04-06 05:25:55.000000', 6, 4),
        (166, '2023-04-13 20:51:35.000000', '2023-04-13 19:15:35.000000', 7, 7),
        (167, '2023-04-07 16:34:00.000000', '2023-04-07 14:24:00.000000', 1, 6),
        (168, '2023-04-01 05:58:24.000000', '2023-04-01 04:06:24.000000', 5, 5),
        (169, '2023-04-06 19:52:49.000000', '2023-04-06 18:19:49.000000', 9, 2),
        (170, '2023-04-06 17:52:09.000000', '2023-04-06 16:19:09.000000', 9, 7),
        (172, '2023-04-13 07:46:08.000000', '2023-04-13 05:54:08.000000', 10, 5),
        (173, '2023-04-02 01:55:18.000000', '2023-04-02 00:22:18.000000', 9, 2),
        (174, '2023-04-02 21:03:58.000000', '2023-04-02 18:59:58.000000', 8, 2),
        (175, '2023-04-11 13:53:24.000000', '2023-04-11 12:20:24.000000', 9, 5),
        (176, '2023-04-11 19:45:50.000000', '2023-04-11 18:01:50.000000', 6, 7),
        (182, '2023-04-10 20:05:01.000000', '2023-04-10 18:13:01.000000', 5, 5),
        (183, '2023-04-09 14:11:46.000000', '2023-04-09 12:07:46.000000', 8, 6),
        (187, '2023-04-11 15:31:46.000000', '2023-04-11 13:58:46.000000', 9, 2),
        (188, '2023-04-11 04:49:52.000000', '2023-04-11 03:16:52.000000', 9, 4),
        (190, '2023-04-10 22:59:55.000000', '2023-04-10 21:10:55.000000', 2, 4),
        (191, '2023-04-01 14:25:36.000000', '2023-04-01 12:49:36.000000', 7, 3),
        (192, '2023-04-04 00:14:04.000000', '2023-04-03 22:22:04.000000', 5, 5),
        (193, '2023-04-04 06:24:18.000000', '2023-04-04 04:32:18.000000', 5, 1),
        (194, '2023-04-03 21:10:47.000000', '2023-04-03 19:18:47.000000', 5, 3),
        (195, '2023-04-07 07:30:03.000000', '2023-04-07 05:41:03.000000', 2, 7),
        (198, '2023-04-13 14:46:38.000000', '2023-04-13 12:45:38.000000', 4, 1),
        (202, '2023-04-04 14:13:19.000000', '2023-04-04 12:09:19.000000', 8, 3),
        (203, '2023-04-07 11:38:01.000000', '2023-04-07 09:34:01.000000', 8, 7),
        (204, '2023-04-08 18:29:45.000000', '2023-04-08 16:37:45.000000', 10, 6),
        (205, '2023-04-09 13:29:25.000000', '2023-04-09 11:37:25.000000', 5, 5),
        (206, '2023-04-09 22:00:44.000000', '2023-04-09 20:24:44.000000', 7, 3),
        (207, '2023-04-04 06:15:05.000000', '2023-04-04 04:11:05.000000', 8, 6),
        (208, '2023-04-04 08:11:19.000000', '2023-04-04 06:07:19.000000', 8, 3),
        (210, '2023-04-09 13:04:44.000000', '2023-04-09 11:28:44.000000', 7, 2),
        (211, '2023-04-04 22:51:12.000000', '2023-04-04 21:07:12.000000', 6, 6),
        (212, '2023-04-07 23:41:29.000000', '2023-04-07 21:49:29.000000', 10, 4),
        (213, '2023-03-31 17:57:54.000000', '2023-03-31 16:05:54.000000', 5, 1),
        (214, '2023-04-12 12:55:36.000000', '2023-04-12 11:11:36.000000', 6, 3),
        (216, '2023-04-11 05:46:37.000000', '2023-04-11 03:54:37.000000', 10, 3),
        (217, '2023-04-06 03:20:00.000000', '2023-04-06 01:36:00.000000', 6, 4),
        (218, '2023-04-10 10:49:00.000000', '2023-04-10 08:57:00.000000', 10, 6),
        (219, '2023-04-10 11:05:39.000000', '2023-04-10 09:32:39.000000', 3, 6),
        (220, '2023-04-01 06:15:50.000000', '2023-04-01 04:23:50.000000', 10, 5),
        (221, '2023-04-05 20:29:16.000000', '2023-04-05 18:25:16.000000', 8, 5),
        (223, '2023-04-04 04:39:57.000000', '2023-04-04 02:35:57.000000', 8, 2),
        (226, '2023-04-11 18:17:44.000000', '2023-04-11 16:07:44.000000', 1, 3),
        (229, '2023-04-08 19:17:12.000000', '2023-04-08 17:44:12.000000', 3, 7),
        (233, '2023-04-12 14:12:54.000000', '2023-04-12 12:11:54.000000', 4, 3),
        (234, '2023-04-09 19:15:24.000000', '2023-04-09 17:39:24.000000', 7, 6),
        (236, '2023-04-13 21:12:47.000000', '2023-04-13 19:11:47.000000', 4, 7),
        (239, '2023-04-10 08:22:46.000000', '2023-04-10 06:38:46.000000', 6, 5),
        (240, '2023-04-05 23:37:49.000000', '2023-04-05 21:33:49.000000', 8, 3),
        (241, '2023-04-12 03:47:53.000000', '2023-04-12 01:55:53.000000', 10, 3),
        (242, '2023-04-11 09:31:50.000000', '2023-04-11 07:39:50.000000', 5, 2),
        (243, '2023-04-02 19:26:18.000000', '2023-04-02 17:34:18.000000', 10, 3),
        (244, '2023-04-11 19:20:39.000000', '2023-04-11 17:31:39.000000', 2, 7),
        (245, '2023-04-03 06:37:25.000000', '2023-04-03 04:33:25.000000', 8, 6),
        (247, '2023-04-04 19:27:40.000000', '2023-04-04 17:43:40.000000', 6, 6),
        (250, '2023-04-02 10:35:25.000000', '2023-04-02 08:59:25.000000', 7, 1),
        (251, '2023-04-01 05:00:57.000000', '2023-04-01 03:08:57.000000', 10, 6),
        (252, '2023-04-10 08:44:32.000000', '2023-04-10 07:11:32.000000', 3, 2),
        (253, '2023-04-02 11:03:49.000000', '2023-04-02 09:19:49.000000', 6, 2),
        (254, '2023-04-10 09:52:51.000000', '2023-04-10 08:03:51.000000', 2, 7),
        (256, '2023-04-07 12:39:49.000000', '2023-04-07 10:35:49.000000', 8, 1),
        (257, '2023-04-12 20:02:37.000000', '2023-04-12 17:52:37.000000', 1, 1),
        (258, '2023-04-13 13:37:48.000000', '2023-04-13 12:04:48.000000', 3, 7),
        (261, '2023-04-07 06:12:06.000000', '2023-04-07 04:23:06.000000', 2, 5),
        (262, '2023-04-13 15:19:42.000000', '2023-04-13 13:27:42.000000', 10, 4),
        (263, '2023-04-13 22:48:58.000000', '2023-04-13 21:12:58.000000', 7, 1),
        (264, '2023-04-13 12:11:45.000000', '2023-04-13 10:38:45.000000', 3, 5),
        (265, '2023-04-11 17:00:22.000000', '2023-04-11 14:59:22.000000', 4, 4),
        (268, '2023-04-08 00:53:54.000000', '2023-04-07 23:04:54.000000', 2, 6),
        (269, '2023-03-31 22:46:24.000000', '2023-03-31 21:13:24.000000', 9, 6),
        (270, '2023-04-10 08:20:49.000000', '2023-04-10 06:47:49.000000', 9, 1),
        (271, '2023-04-12 05:45:30.000000', '2023-04-12 03:44:30.000000', 4, 7),
        (272, '2023-04-13 22:10:30.000000', '2023-04-13 20:21:30.000000', 2, 7),
        (273, '2023-04-08 14:02:51.000000', '2023-04-08 12:29:51.000000', 9, 2),
        (275, '2023-04-05 01:05:14.000000', '2023-04-04 23:13:14.000000', 10, 3),
        (276, '2023-04-13 13:01:20.000000', '2023-04-13 10:57:20.000000', 8, 4),
        (277, '2023-04-11 17:30:47.000000', '2023-04-11 15:46:47.000000', 6, 7),
        (278, '2023-04-08 04:42:09.000000', '2023-04-08 02:53:09.000000', 2, 5),
        (279, '2023-04-13 17:40:47.000000', '2023-04-13 15:48:47.000000', 5, 5),
        (280, '2023-04-05 16:35:53.000000', '2023-04-05 14:51:53.000000', 6, 6),
        (282, '2023-04-09 00:15:22.000000', '2023-04-08 22:42:22.000000', 3, 2),
        (284, '2023-04-12 07:33:48.000000', '2023-04-12 06:00:48.000000', 9, 6),
        (286, '2023-04-02 03:47:01.000000', '2023-04-02 01:43:01.000000', 8, 7),
        (287, '2023-04-12 02:23:53.000000', '2023-04-12 00:34:53.000000', 2, 3),
        (290, '2023-04-09 05:05:15.000000', '2023-04-09 03:16:15.000000', 2, 4),
        (292, '2023-04-06 13:03:19.000000', '2023-04-06 11:11:19.000000', 10, 3),
        (293, '2023-04-06 23:13:30.000000', '2023-04-06 21:37:30.000000', 7, 6),
        (295, '2023-04-14 00:15:19.000000', '2023-04-13 22:42:19.000000', 3, 1),
        (296, '2023-04-10 08:09:34.000000', '2023-04-10 06:36:34.000000', 9, 6),
        (298, '2023-04-07 19:30:42.000000', '2023-04-07 17:41:42.000000', 2, 6),
        (300, '2023-04-07 18:01:32.000000', '2023-04-07 15:57:32.000000', 8, 2),
        (301, '2023-04-08 21:36:33.000000', '2023-04-08 19:44:33.000000', 5, 6),
        (303, '2023-03-31 06:11:48.000000', '2023-03-31 04:19:48.000000', 10, 7),
        (305, '2023-04-10 01:43:28.000000', '2023-04-10 00:10:28.000000', 3, 4),
        (306, '2023-04-11 07:20:22.000000', '2023-04-11 05:16:22.000000', 8, 6),
        (307, '2023-04-07 08:11:41.000000', '2023-04-07 06:19:41.000000', 10, 4),
        (309, '2023-04-12 01:02:23.000000', '2023-04-11 23:13:23.000000', 2, 5),
        (310, '2023-04-09 17:07:15.000000', '2023-04-09 15:15:15.000000', 5, 7),
        (312, '2023-04-04 12:28:50.000000', '2023-04-04 10:44:50.000000', 6, 5),
        (313, '2023-04-07 01:59:03.000000', '2023-04-07 00:15:03.000000', 6, 3),
        (314, '2023-04-11 06:43:58.000000', '2023-04-11 05:10:58.000000', 9, 5),
        (315, '2023-04-12 17:03:28.000000', '2023-04-12 15:19:28.000000', 6, 5),
        (316, '2023-04-02 22:43:39.000000', '2023-04-02 20:51:39.000000', 10, 1),
        (319, '2023-04-11 12:03:42.000000', '2023-04-11 10:11:42.000000', 5, 7),
        (322, '2023-04-02 11:19:26.000000', '2023-04-02 09:15:26.000000', 8, 2),
        (323, '2023-04-13 13:53:41.000000', '2023-04-13 11:49:41.000000', 8, 7),
        (325, '2023-04-08 11:11:53.000000', '2023-04-08 09:38:53.000000', 9, 7),
        (326, '2023-04-06 18:45:56.000000', '2023-04-06 16:41:56.000000', 8, 1),
        (327, '2023-04-03 04:01:39.000000', '2023-04-03 02:17:39.000000', 6, 5),
        (329, '2023-03-31 20:46:26.000000', '2023-03-31 19:02:26.000000', 6, 5),
        (330, '2023-04-11 16:50:11.000000', '2023-04-11 14:58:11.000000', 5, 7),
        (331, '2023-03-31 10:01:44.000000', '2023-03-31 08:25:44.000000', 7, 5),
        (333, '2023-04-09 21:16:06.000000', '2023-04-09 19:12:06.000000', 8, 6),
        (334, '2023-04-13 07:48:16.000000', '2023-04-13 06:04:16.000000', 6, 3),
        (335, '2023-04-10 18:22:23.000000', '2023-04-10 16:38:23.000000', 6, 4),
        (336, '2023-04-11 00:08:28.000000', '2023-04-10 22:35:28.000000', 3, 3),
        (337, '2023-04-12 18:56:37.000000', '2023-04-12 17:12:37.000000', 6, 7),
        (339, '2023-04-01 18:33:47.000000', '2023-04-01 17:00:47.000000', 9, 2),
        (340, '2023-04-10 08:44:19.000000', '2023-04-10 06:40:19.000000', 8, 2),
        (343, '2023-04-09 13:07:16.000000', '2023-04-09 11:15:16.000000', 10, 2),
        (344, '2023-04-09 00:09:15.000000', '2023-04-08 22:36:15.000000', 9, 4),
        (346, '2023-04-09 01:44:36.000000', '2023-04-09 00:08:36.000000', 7, 3),
        (347, '2023-04-13 20:35:24.000000', '2023-04-13 18:31:24.000000', 8, 3),
        (348, '2023-04-09 22:55:20.000000', '2023-04-09 20:45:20.000000', 1, 2),
        (349, '2023-04-09 15:47:25.000000', '2023-04-09 13:46:25.000000', 4, 1),
        (350, '2023-03-31 16:17:22.000000', '2023-03-31 14:33:22.000000', 6, 7),
        (351, '2023-04-13 22:31:20.000000', '2023-04-13 20:58:20.000000', 3, 5),
        (352, '2023-04-10 12:13:49.000000', '2023-04-10 10:37:49.000000', 7, 5),
        (354, '2023-04-10 04:56:40.000000', '2023-04-10 03:07:40.000000', 2, 6),
        (355, '2023-03-31 20:50:45.000000', '2023-03-31 18:58:45.000000', 10, 4),
        (356, '2023-04-02 14:09:53.000000', '2023-04-02 12:36:53.000000', 9, 6),
        (357, '2023-04-01 10:39:15.000000', '2023-04-01 09:06:15.000000', 9, 6),
        (358, '2023-04-11 11:06:08.000000', '2023-04-11 09:33:08.000000', 3, 2),
        (362, '2023-04-13 19:51:23.000000', '2023-04-13 18:15:23.000000', 7, 1),
        (363, '2023-04-13 07:09:36.000000', '2023-04-13 05:36:36.000000', 3, 3),
        (366, '2023-04-13 22:20:21.000000', '2023-04-13 20:10:21.000000', 1, 4),
        (367, '2023-04-09 01:53:19.000000', '2023-04-09 00:04:19.000000', 2, 4),
        (368, '2023-04-05 08:29:58.000000', '2023-04-05 06:37:58.000000', 10, 2),
        (371, '2023-04-11 09:26:53.000000', '2023-04-11 07:16:53.000000', 1, 5),
        (372, '2023-04-09 05:12:43.000000', '2023-04-09 03:02:43.000000', 1, 4),
        (375, '2023-04-09 14:46:09.000000', '2023-04-09 12:54:09.000000', 5, 5),
        (376, '2023-04-11 19:44:40.000000', '2023-04-11 18:00:40.000000', 6, 6),
        (377, '2023-04-12 08:05:19.000000', '2023-04-12 06:16:19.000000', 2, 2),
        (378, '2023-04-06 03:13:52.000000', '2023-04-06 01:40:52.000000', 9, 7),
        (379, '2023-04-12 07:49:09.000000', '2023-04-12 05:45:09.000000', 8, 1),
        (380, '2023-04-01 04:25:41.000000', '2023-04-01 02:33:41.000000', 10, 6),
        (383, '2023-04-07 10:49:06.000000', '2023-04-07 08:48:06.000000', 4, 1),
        (387, '2023-04-08 09:30:34.000000', '2023-04-08 07:20:34.000000', 1, 1),
        (390, '2023-04-07 19:42:41.000000', '2023-04-07 18:09:41.000000', 3, 5),
        (391, '2023-04-09 20:49:31.000000', '2023-04-09 18:57:31.000000', 5, 7),
        (392, '2023-04-10 12:24:43.000000', '2023-04-10 10:51:43.000000', 9, 2),
        (393, '2023-04-07 22:54:22.000000', '2023-04-07 21:18:22.000000', 7, 3),
        (394, '2023-04-11 08:01:05.000000', '2023-04-11 06:12:05.000000', 2, 2),
        (396, '2023-04-08 11:52:36.000000', '2023-04-08 09:42:36.000000', 1, 5),
        (397, '2023-04-11 00:55:18.000000', '2023-04-10 22:54:18.000000', 4, 5),
        (398, '2023-04-12 06:43:36.000000', '2023-04-12 04:54:36.000000', 2, 5),
        (399, '2023-04-09 18:31:47.000000', '2023-04-09 16:47:47.000000', 6, 6),
        (401, '2023-04-03 10:54:36.000000', '2023-04-03 09:10:36.000000', 6, 4),
        (402, '2023-04-01 11:37:30.000000', '2023-04-01 09:33:30.000000', 8, 5),
        (403, '2023-04-11 02:06:49.000000', '2023-04-11 00:17:49.000000', 2, 6),
        (404, '2023-04-04 23:14:03.000000', '2023-04-04 21:38:03.000000', 7, 6),
        (405, '2023-04-01 02:51:47.000000', '2023-04-01 00:47:47.000000', 8, 1),
        (408, '2023-04-12 05:27:00.000000', '2023-04-12 03:54:00.000000', 9, 2),
        (409, '2023-04-07 19:34:56.000000', '2023-04-07 17:42:56.000000', 10, 1),
        (410, '2023-04-06 04:33:41.000000', '2023-04-06 03:00:41.000000', 9, 3),
        (411, '2023-04-08 07:21:21.000000', '2023-04-08 05:29:21.000000', 10, 4),
        (414, '2023-04-13 10:33:56.000000', '2023-04-13 08:41:56.000000', 10, 7),
        (416, '2023-04-10 03:38:33.000000', '2023-04-10 01:46:33.000000', 5, 6),
        (418, '2023-04-08 06:43:17.000000', '2023-04-08 04:59:17.000000', 6, 6),
        (419, '2023-04-08 17:08:51.000000', '2023-04-08 15:16:51.000000', 5, 1),
        (420, '2023-04-09 03:41:23.000000', '2023-04-09 02:08:23.000000', 3, 6),
        (421, '2023-04-10 08:51:38.000000', '2023-04-10 06:41:38.000000', 1, 7),
        (423, '2023-04-05 05:12:11.000000', '2023-04-05 03:20:11.000000', 10, 5),
        (424, '2023-03-31 04:28:30.000000', '2023-03-31 02:36:30.000000', 5, 6),
        (425, '2023-04-10 22:48:17.000000', '2023-04-10 21:04:17.000000', 6, 1),
        (426, '2023-04-12 14:38:45.000000', '2023-04-12 12:46:45.000000', 10, 6),
        (427, '2023-04-02 20:07:14.000000', '2023-04-02 18:03:14.000000', 8, 1),
        (429, '2023-04-09 18:05:38.000000', '2023-04-09 16:32:38.000000', 9, 2),
        (430, '2023-04-07 16:06:52.000000', '2023-04-07 14:14:52.000000', 5, 4),
        (431, '2023-04-06 19:36:26.000000', '2023-04-06 18:00:26.000000', 7, 7),
        (432, '2023-04-13 21:25:36.000000', '2023-04-13 19:52:36.000000', 3, 3),
        (434, '2023-04-10 07:00:28.000000', '2023-04-10 04:59:28.000000', 4, 7),
        (435, '2023-04-07 04:01:35.000000', '2023-04-07 01:51:35.000000', 1, 5),
        (438, '2023-04-05 02:39:59.000000', '2023-04-05 00:55:59.000000', 6, 4),
        (439, '2023-04-09 11:42:10.000000', '2023-04-09 09:38:10.000000', 8, 5),
        (440, '2023-04-03 07:35:34.000000', '2023-04-03 05:43:34.000000', 10, 5),
        (441, '2023-04-09 00:30:35.000000', '2023-04-08 22:57:35.000000', 9, 6),
        (443, '2023-04-09 02:20:14.000000', '2023-04-09 00:28:14.000000', 5, 4),
        (444, '2023-04-04 21:34:22.000000', '2023-04-04 19:58:22.000000', 7, 6),
        (445, '2023-04-06 07:53:43.000000', '2023-04-06 05:49:43.000000', 8, 5),
        (446, '2023-03-31 23:54:39.000000', '2023-03-31 22:02:39.000000', 10, 7),
        (447, '2023-04-10 00:35:01.000000', '2023-04-09 22:43:01.000000', 5, 6),
        (449, '2023-04-12 10:19:25.000000', '2023-04-12 08:18:25.000000', 4, 4),
        (451, '2023-04-06 19:08:58.000000', '2023-04-06 17:04:58.000000', 8, 3),
        (452, '2023-04-11 23:14:03.000000', '2023-04-11 21:10:03.000000', 8, 2),
        (453, '2023-04-04 18:09:46.000000', '2023-04-04 16:36:46.000000', 9, 3),
        (456, '2023-04-10 14:39:59.000000', '2023-04-10 13:03:59.000000', 7, 7),
        (458, '2023-04-08 08:52:10.000000', '2023-04-08 06:48:10.000000', 8, 4),
        (459, '2023-04-04 15:08:53.000000', '2023-04-04 13:04:53.000000', 8, 7),
        (462, '2023-04-01 06:53:47.000000', '2023-04-01 04:49:47.000000', 8, 7),
        (463, '2023-04-09 08:21:20.000000', '2023-04-09 06:17:20.000000', 8, 1),
        (464, '2023-04-12 16:11:21.000000', '2023-04-12 14:35:21.000000', 7, 5),
        (465, '2023-04-03 16:55:48.000000', '2023-04-03 15:03:48.000000', 5, 4),
        (466, '2023-04-13 17:11:02.000000', '2023-04-13 15:38:02.000000', 9, 5),
        (467, '2023-04-03 01:08:27.000000', '2023-04-02 23:35:27.000000', 9, 7),
        (468, '2023-04-13 22:34:59.000000', '2023-04-13 21:01:59.000000', 3, 5),
        (469, '2023-04-01 08:11:04.000000', '2023-04-01 06:07:04.000000', 8, 1),
        (470, '2023-04-10 16:33:28.000000', '2023-04-10 14:29:28.000000', 8, 6),
        (471, '2023-04-03 12:18:43.000000', '2023-04-03 10:14:43.000000', 8, 5),
        (472, '2023-04-08 02:23:04.000000', '2023-04-08 00:34:04.000000', 2, 6),
        (473, '2023-04-09 19:54:33.000000', '2023-04-09 18:02:33.000000', 10, 2),
        (474, '2023-04-13 02:18:35.000000', '2023-04-13 00:17:35.000000', 4, 3),
        (475, '2023-04-02 22:10:37.000000', '2023-04-02 20:37:37.000000', 9, 2),
        (479, '2023-04-04 21:56:56.000000', '2023-04-04 20:12:56.000000', 6, 2),
        (481, '2023-03-31 08:34:55.000000', '2023-03-31 06:58:55.000000', 7, 4),
        (482, '2023-04-01 20:46:38.000000', '2023-04-01 18:54:38.000000', 5, 6),
        (483, '2023-04-13 09:01:04.000000', '2023-04-13 06:51:04.000000', 1, 2),
        (485, '2023-04-13 06:52:23.000000', '2023-04-13 05:19:23.000000', 9, 5),
        (486, '2023-04-11 13:32:28.000000', '2023-04-11 11:31:28.000000', 4, 5),
        (488, '2023-04-13 06:48:59.000000', '2023-04-13 05:12:59.000000', 7, 2),
        (489, '2023-04-02 10:07:35.000000', '2023-04-02 08:34:35.000000', 9, 7),
        (490, '2023-04-02 04:25:54.000000', '2023-04-02 02:49:54.000000', 7, 6),
        (491, '2023-04-09 13:32:58.000000', '2023-04-09 11:48:58.000000', 6, 6),
        (492, '2023-04-12 17:29:47.000000', '2023-04-12 15:19:47.000000', 1, 2),
        (494, '2023-03-31 14:46:52.000000', '2023-03-31 13:02:52.000000', 6, 3),
        (495, '2023-04-02 21:09:05.000000', '2023-04-02 19:05:05.000000', 8, 6),
        (496, '2023-04-02 05:18:12.000000', '2023-04-02 03:42:12.000000', 7, 5),
        (498, '2023-04-01 21:12:37.000000', '2023-04-01 19:39:37.000000', 9, 4),
        (500, '2023-04-02 05:35:55.000000', '2023-04-02 03:51:55.000000', 6, 3),
        (501, '2023-04-02 22:54:49.000000', '2023-04-02 20:50:49.000000', 8, 1),
        (502, '2023-04-13 18:35:30.000000', '2023-04-13 16:43:30.000000', 5, 1),
        (503, '2023-04-12 23:40:14.000000', '2023-04-12 22:04:14.000000', 7, 7),
        (504, '2023-04-09 00:41:35.000000', '2023-04-08 22:49:35.000000', 5, 6),
        (505, '2023-04-09 14:24:47.000000', '2023-04-09 12:51:47.000000', 9, 2),
        (506, '2023-04-03 06:29:43.000000', '2023-04-03 04:53:43.000000', 7, 7),
        (507, '2023-04-11 17:22:27.000000', '2023-04-11 15:49:27.000000', 3, 6),
        (509, '2023-03-31 21:41:10.000000', '2023-03-31 19:57:10.000000', 6, 3),
        (510, '2023-04-03 05:13:19.000000', '2023-04-03 03:37:19.000000', 7, 5),
        (512, '2023-03-31 12:17:59.000000', '2023-03-31 10:33:59.000000', 6, 5),
        (515, '2023-04-02 06:31:03.000000', '2023-04-02 04:39:03.000000', 5, 1),
        (517, '2023-04-11 19:06:28.000000', '2023-04-11 17:17:28.000000', 2, 7),
        (518, '2023-04-13 04:42:41.000000', '2023-04-13 02:58:41.000000', 6, 6),
        (520, '2023-04-06 12:20:13.000000', '2023-04-06 10:16:13.000000', 8, 6),
        (521, '2023-04-05 19:21:11.000000', '2023-04-05 17:37:11.000000', 6, 2),
        (522, '2023-04-03 09:23:28.000000', '2023-04-03 07:19:28.000000', 8, 4),
        (523, '2023-04-03 06:26:25.000000', '2023-04-03 04:34:25.000000', 5, 5),
        (524, '2023-04-01 21:29:26.000000', '2023-04-01 19:25:26.000000', 8, 7),
        (526, '2023-04-07 02:55:07.000000', '2023-04-07 00:51:07.000000', 8, 3),
        (527, '2023-03-31 15:25:22.000000', '2023-03-31 13:33:22.000000', 5, 5),
        (529, '2023-04-07 05:42:36.000000', '2023-04-07 03:41:36.000000', 4, 4),
        (531, '2023-03-31 04:23:19.000000', '2023-03-31 02:31:19.000000', 5, 7),
        (532, '2023-03-31 16:40:53.000000', '2023-03-31 14:48:53.000000', 5, 5),
        (533, '2023-04-02 16:09:58.000000', '2023-04-02 14:17:58.000000', 5, 3),
        (536, '2023-04-03 02:40:37.000000', '2023-04-03 00:56:37.000000', 6, 7),
        (537, '2023-04-13 23:49:58.000000', '2023-04-13 22:13:58.000000', 7, 5),
        (539, '2023-04-12 20:01:00.000000', '2023-04-12 18:28:00.000000', 9, 2),
        (540, '2023-04-13 12:42:07.000000', '2023-04-13 10:50:07.000000', 10, 6),
        (543, '2023-04-10 09:48:42.000000', '2023-04-10 08:04:42.000000', 6, 3),
        (544, '2023-04-12 19:55:01.000000', '2023-04-12 18:03:01.000000', 10, 7),
        (545, '2023-04-11 15:04:09.000000', '2023-04-11 13:00:09.000000', 8, 7),
        (547, '2023-04-09 18:53:03.000000', '2023-04-09 16:52:03.000000', 4, 5),
        (548, '2023-04-13 00:03:13.000000', '2023-04-12 22:02:13.000000', 4, 2),
        (549, '2023-04-13 03:51:00.000000', '2023-04-13 01:41:00.000000', 1, 1),
        (550, '2023-04-11 14:56:19.000000', '2023-04-11 12:46:19.000000', 1, 5),
        (552, '2023-03-31 20:49:23.000000', '2023-03-31 18:45:23.000000', 8, 6),
        (553, '2023-04-02 06:41:44.000000', '2023-04-02 04:57:44.000000', 6, 4),
        (554, '2023-04-10 14:37:35.000000', '2023-04-10 12:53:35.000000', 6, 5),
        (555, '2023-03-31 19:04:55.000000', '2023-03-31 17:00:55.000000', 8, 2),
        (556, '2023-04-05 13:43:00.000000', '2023-04-05 11:59:00.000000', 6, 4),
        (557, '2023-04-10 10:55:42.000000', '2023-04-10 08:45:42.000000', 1, 2),
        (558, '2023-04-12 15:52:38.000000', '2023-04-12 14:19:38.000000', 3, 1),
        (559, '2023-04-13 02:27:29.000000', '2023-04-13 00:26:29.000000', 4, 7),
        (560, '2023-04-02 09:49:21.000000', '2023-04-02 07:57:21.000000', 10, 1),
        (561, '2023-04-09 01:21:45.000000', '2023-04-08 23:11:45.000000', 1, 7),
        (562, '2023-04-08 06:45:43.000000', '2023-04-08 04:53:43.000000', 10, 6),
        (563, '2023-04-11 08:29:49.000000', '2023-04-11 06:56:49.000000', 9, 7),
        (564, '2023-04-03 21:06:49.000000', '2023-04-03 19:22:49.000000', 6, 7),
        (565, '2023-04-02 21:09:50.000000', '2023-04-02 19:25:50.000000', 6, 1),
        (566, '2023-04-01 16:03:19.000000', '2023-04-01 13:59:19.000000', 8, 4),
        (567, '2023-04-12 13:29:40.000000', '2023-04-12 11:56:40.000000', 3, 6),
        (568, '2023-04-10 15:14:07.000000', '2023-04-10 13:38:07.000000', 7, 4),
        (569, '2023-04-13 16:56:35.000000', '2023-04-13 15:23:35.000000', 3, 4),
        (570, '2023-04-04 13:08:08.000000', '2023-04-04 11:32:08.000000', 7, 6),
        (571, '2023-04-10 19:18:37.000000', '2023-04-10 17:34:37.000000', 6, 2),
        (572, '2023-04-01 04:45:59.000000', '2023-04-01 03:09:59.000000', 7, 6),
        (573, '2023-04-01 12:23:30.000000', '2023-04-01 10:50:30.000000', 9, 4),
        (578, '2023-04-09 09:59:41.000000', '2023-04-09 07:55:41.000000', 8, 5),
        (580, '2023-04-08 10:31:29.000000', '2023-04-08 08:27:29.000000', 8, 7),
        (581, '2023-04-12 10:20:08.000000', '2023-04-12 08:36:08.000000', 6, 3),
        (582, '2023-04-12 01:17:16.000000', '2023-04-11 23:16:16.000000', 4, 7),
        (583, '2023-04-10 14:47:05.000000', '2023-04-10 12:43:05.000000', 8, 4),
        (584, '2023-04-02 00:11:14.000000', '2023-04-01 22:35:14.000000', 7, 1),
        (585, '2023-04-10 04:37:27.000000', '2023-04-10 03:01:27.000000', 7, 4),
        (586, '2023-04-12 02:04:10.000000', '2023-04-12 00:03:10.000000', 4, 2),
        (589, '2023-04-09 03:15:21.000000', '2023-04-09 01:05:21.000000', 1, 1),
        (590, '2023-04-05 07:31:05.000000', '2023-04-05 05:55:05.000000', 7, 2),
        (592, '2023-04-13 03:56:32.000000', '2023-04-13 02:20:32.000000', 7, 6),
        (594, '2023-04-05 21:27:54.000000', '2023-04-05 19:43:54.000000', 6, 2),
        (595, '2023-04-02 04:51:09.000000', '2023-04-02 02:59:09.000000', 5, 5),
        (596, '2023-04-11 15:29:09.000000', '2023-04-11 13:25:09.000000', 8, 2),
        (597, '2023-04-11 04:54:16.000000', '2023-04-11 03:21:16.000000', 3, 7),
        (598, '2023-04-11 14:01:23.000000', '2023-04-11 12:25:23.000000', 7, 3),
        (599, '2023-04-11 05:17:09.000000', '2023-04-11 03:07:09.000000', 1, 1),
        (602, '2023-04-07 04:35:32.000000', '2023-04-07 02:25:32.000000', 1, 5),
        (603, '2023-04-03 06:38:42.000000', '2023-04-03 04:34:42.000000', 8, 4),
        (604, '2023-04-01 16:41:09.000000', '2023-04-01 14:49:09.000000', 5, 2),
        (605, '2023-04-13 14:53:15.000000', '2023-04-13 12:52:15.000000', 4, 7),
        (606, '2023-04-12 06:20:51.000000', '2023-04-12 04:31:51.000000', 2, 6),
        (607, '2023-04-02 01:29:29.000000', '2023-04-01 23:56:29.000000', 9, 5),
        (608, '2023-04-12 01:27:41.000000', '2023-04-11 23:51:41.000000', 7, 3),
        (609, '2023-04-10 08:54:19.000000', '2023-04-10 06:44:19.000000', 1, 4),
        (610, '2023-04-13 14:23:58.000000', '2023-04-13 12:31:58.000000', 10, 2),
        (612, '2023-04-11 03:06:43.000000', '2023-04-11 01:02:43.000000', 8, 7),
        (614, '2023-03-31 19:22:01.000000', '2023-03-31 17:49:01.000000', 9, 5),
        (615, '2023-04-07 14:18:28.000000', '2023-04-07 12:26:28.000000', 5, 3),
        (616, '2023-04-13 16:11:25.000000', '2023-04-13 14:10:25.000000', 4, 3),
        (617, '2023-04-07 18:21:59.000000', '2023-04-07 16:48:59.000000', 3, 1),
        (618, '2023-04-04 05:47:19.000000', '2023-04-04 03:55:19.000000', 10, 1),
        (620, '2023-04-05 21:11:51.000000', '2023-04-05 19:19:51.000000', 10, 7),
        (621, '2023-04-08 19:30:53.000000', '2023-04-08 17:29:53.000000', 4, 7),
        (622, '2023-04-11 23:38:24.000000', '2023-04-11 22:02:24.000000', 7, 5),
        (623, '2023-04-10 17:12:10.000000', '2023-04-10 15:28:10.000000', 6, 4),
        (624, '2023-04-09 11:10:17.000000', '2023-04-09 09:37:17.000000', 3, 3),
        (625, '2023-03-31 17:44:57.000000', '2023-03-31 16:11:57.000000', 9, 7),
        (627, '2023-04-08 04:03:26.000000', '2023-04-08 02:11:26.000000', 5, 4),
        (628, '2023-04-07 20:57:59.000000', '2023-04-07 19:24:59.000000', 3, 3),
        (629, '2023-04-09 15:12:36.000000', '2023-04-09 13:39:36.000000', 9, 2),
        (630, '2023-04-09 16:09:21.000000', '2023-04-09 14:08:21.000000', 4, 1),
        (631, '2023-04-11 07:35:37.000000', '2023-04-11 06:02:37.000000', 3, 6),
        (634, '2023-04-06 22:42:35.000000', '2023-04-06 21:06:35.000000', 7, 1),
        (635, '2023-04-11 20:56:43.000000', '2023-04-11 19:04:43.000000', 5, 5),
        (636, '2023-04-11 22:52:06.000000', '2023-04-11 21:03:06.000000', 2, 5),
        (637, '2023-03-31 16:15:59.000000', '2023-03-31 14:23:59.000000', 5, 2),
        (639, '2023-04-05 14:07:37.000000', '2023-04-05 12:23:37.000000', 6, 4),
        (640, '2023-04-07 15:04:31.000000', '2023-04-07 13:31:31.000000', 3, 7),
        (641, '2023-04-04 03:09:44.000000', '2023-04-04 01:05:44.000000', 8, 7),
        (643, '2023-04-12 19:28:15.000000', '2023-04-12 17:18:15.000000', 1, 3),
        (645, '2023-04-10 19:29:22.000000', '2023-04-10 17:40:22.000000', 2, 6),
        (646, '2023-04-03 16:03:59.000000', '2023-04-03 14:11:59.000000', 5, 5),
        (647, '2023-04-07 17:58:44.000000', '2023-04-07 16:25:44.000000', 3, 2),
        (648, '2023-04-07 22:01:54.000000', '2023-04-07 20:00:54.000000', 4, 3),
        (650, '2023-04-08 15:45:54.000000', '2023-04-08 14:12:54.000000', 3, 2),
        (651, '2023-04-10 19:53:56.000000', '2023-04-10 18:20:56.000000', 9, 5),
        (654, '2023-04-12 02:52:05.000000', '2023-04-12 01:19:05.000000', 3, 1),
        (656, '2023-04-04 04:54:25.000000', '2023-04-04 03:18:25.000000', 7, 1),
        (657, '2023-04-10 07:50:13.000000', '2023-04-10 05:46:13.000000', 8, 7),
        (658, '2023-04-13 23:24:01.000000', '2023-04-13 21:14:01.000000', 1, 7),
        (662, '2023-03-31 23:35:29.000000', '2023-03-31 22:02:29.000000', 9, 6),
        (663, '2023-04-13 00:33:24.000000', '2023-04-12 22:29:24.000000', 8, 1),
        (664, '2023-03-31 19:18:43.000000', '2023-03-31 17:34:43.000000', 6, 1),
        (665, '2023-04-07 17:54:16.000000', '2023-04-07 16:21:16.000000', 3, 5),
        (668, '2023-04-09 06:04:55.000000', '2023-04-09 04:12:55.000000', 5, 2),
        (669, '2023-04-04 10:27:22.000000', '2023-04-04 08:35:22.000000', 10, 4),
        (670, '2023-04-06 09:50:14.000000', '2023-04-06 07:58:14.000000', 10, 1),
        (672, '2023-04-01 04:27:02.000000', '2023-04-01 02:51:02.000000', 7, 3),
        (673, '2023-04-05 10:45:37.000000', '2023-04-05 08:41:37.000000', 8, 5),
        (674, '2023-04-12 18:03:03.000000', '2023-04-12 16:14:03.000000', 2, 2),
        (675, '2023-04-06 10:19:38.000000', '2023-04-06 08:27:38.000000', 5, 5),
        (676, '2023-03-31 05:27:23.000000', '2023-03-31 03:43:23.000000', 6, 3),
        (677, '2023-04-03 10:26:40.000000', '2023-04-03 08:50:40.000000', 7, 5),
        (678, '2023-04-11 01:21:36.000000', '2023-04-10 23:29:36.000000', 10, 1),
        (679, '2023-04-09 11:32:27.000000', '2023-04-09 09:59:27.000000', 3, 7),
        (682, '2023-04-10 07:04:54.000000', '2023-04-10 05:28:54.000000', 7, 1),
        (683, '2023-04-06 18:41:45.000000', '2023-04-06 16:37:45.000000', 8, 5),
        (684, '2023-04-05 18:45:33.000000', '2023-04-05 16:41:33.000000', 8, 6),
        (685, '2023-04-04 06:24:01.000000', '2023-04-04 04:32:01.000000', 10, 4),
        (686, '2023-04-01 10:07:51.000000', '2023-04-01 08:23:51.000000', 6, 5),
        (687, '2023-04-01 03:14:31.000000', '2023-04-01 01:10:31.000000', 8, 2),
        (689, '2023-04-03 22:37:00.000000', '2023-04-03 20:33:00.000000', 8, 1),
        (690, '2023-04-03 07:11:40.000000', '2023-04-03 05:27:40.000000', 6, 1),
        (691, '2023-04-06 23:16:00.000000', '2023-04-06 21:12:00.000000', 8, 5),
        (692, '2023-04-10 17:49:38.000000', '2023-04-10 15:45:38.000000', 8, 3),
        (694, '2023-04-09 06:03:05.000000', '2023-04-09 04:14:05.000000', 2, 1),
        (695, '2023-04-11 08:33:29.000000', '2023-04-11 06:41:29.000000', 10, 5),
        (696, '2023-04-09 19:05:40.000000', '2023-04-09 17:13:40.000000', 10, 3),
        (697, '2023-04-05 01:20:04.000000', '2023-04-04 23:47:04.000000', 9, 5),
        (698, '2023-04-10 04:16:43.000000', '2023-04-10 02:12:43.000000', 8, 3),
        (700, '2023-04-04 09:56:55.000000', '2023-04-04 08:23:55.000000', 9, 5),
        (701, '2023-04-07 23:14:27.000000', '2023-04-07 21:13:27.000000', 4, 2),
        (702, '2023-04-08 00:07:51.000000', '2023-04-07 22:15:51.000000', 5, 5),
        (704, '2023-04-14 01:17:17.000000', '2023-04-13 23:13:17.000000', 8, 2),
        (705, '2023-04-07 20:46:17.000000', '2023-04-07 18:54:17.000000', 5, 2),
        (707, '2023-04-03 08:26:42.000000', '2023-04-03 06:22:42.000000', 8, 6),
        (708, '2023-04-06 19:48:03.000000', '2023-04-06 18:04:03.000000', 6, 6),
        (709, '2023-03-31 14:49:48.000000', '2023-03-31 13:16:48.000000', 9, 5),
        (710, '2023-04-09 06:59:46.000000', '2023-04-09 05:26:46.000000', 3, 4),
        (712, '2023-04-03 22:59:01.000000', '2023-04-03 21:07:01.000000', 5, 1),
        (713, '2023-04-10 10:04:35.000000', '2023-04-10 08:15:35.000000', 2, 5),
        (714, '2023-04-10 03:46:38.000000', '2023-04-10 01:54:38.000000', 5, 6),
        (717, '2023-03-31 12:44:54.000000', '2023-03-31 11:08:54.000000', 7, 6),
        (719, '2023-04-07 19:38:53.000000', '2023-04-07 17:49:53.000000', 2, 2),
        (721, '2023-04-09 18:35:21.000000', '2023-04-09 16:34:21.000000', 4, 5),
        (722, '2023-04-05 01:04:12.000000', '2023-04-04 23:00:12.000000', 8, 6),
        (724, '2023-04-12 16:31:19.000000', '2023-04-12 14:39:19.000000', 10, 4),
        (725, '2023-04-12 08:24:36.000000', '2023-04-12 06:40:36.000000', 6, 4),
        (726, '2023-04-13 21:40:34.000000', '2023-04-13 19:48:34.000000', 5, 3),
        (727, '2023-04-03 12:47:56.000000', '2023-04-03 10:43:56.000000', 8, 3),
        (729, '2023-04-01 20:44:40.000000', '2023-04-01 18:52:40.000000', 5, 5),
        (730, '2023-04-08 21:21:42.000000', '2023-04-08 19:29:42.000000', 5, 2),
        (731, '2023-04-01 21:03:29.000000', '2023-04-01 19:11:29.000000', 5, 7),
        (734, '2023-04-05 05:31:45.000000', '2023-04-05 03:47:45.000000', 6, 2),
        (735, '2023-04-13 16:38:57.000000', '2023-04-13 14:37:57.000000', 4, 6),
        (736, '2023-04-04 23:23:27.000000', '2023-04-04 21:31:27.000000', 10, 7),
        (737, '2023-04-13 09:33:42.000000', '2023-04-13 07:23:42.000000', 1, 3),
        (739, '2023-04-13 13:25:12.000000', '2023-04-13 11:33:12.000000', 10, 6),
        (740, '2023-04-13 19:06:16.000000', '2023-04-13 17:33:16.000000', 3, 6),
        (741, '2023-04-01 08:29:05.000000', '2023-04-01 06:53:05.000000', 7, 7),
        (742, '2023-04-11 09:02:10.000000', '2023-04-11 06:52:10.000000', 1, 5),
        (743, '2023-04-10 01:39:21.000000', '2023-04-10 00:06:21.000000', 3, 2),
        (744, '2023-04-08 14:03:29.000000', '2023-04-08 12:11:29.000000', 10, 2),
        (745, '2023-04-12 06:12:02.000000', '2023-04-12 04:39:02.000000', 9, 2),
        (746, '2023-04-13 03:17:47.000000', '2023-04-13 01:07:47.000000', 1, 2),
        (748, '2023-04-06 08:17:54.000000', '2023-04-06 06:33:54.000000', 6, 6),
        (751, '2023-04-02 17:22:02.000000', '2023-04-02 15:49:02.000000', 9, 7),
        (752, '2023-04-03 04:15:43.000000', '2023-04-03 02:23:43.000000', 5, 2),
        (753, '2023-04-03 22:39:33.000000', '2023-04-03 21:03:33.000000', 7, 3),
        (755, '2023-04-12 07:45:40.000000', '2023-04-12 06:01:40.000000', 6, 4),
        (756, '2023-04-08 00:42:51.000000', '2023-04-07 22:50:51.000000', 5, 5),
        (757, '2023-04-11 22:07:32.000000', '2023-04-11 20:34:32.000000', 9, 1),
        (758, '2023-04-05 11:58:55.000000', '2023-04-05 10:22:55.000000', 7, 3),
        (760, '2023-04-06 05:34:56.000000', '2023-04-06 03:42:56.000000', 5, 1),
        (761, '2023-04-04 20:58:12.000000', '2023-04-04 19:06:12.000000', 10, 6),
        (762, '2023-04-09 04:45:41.000000', '2023-04-09 02:44:41.000000', 4, 7),
        (764, '2023-04-11 09:25:58.000000', '2023-04-11 07:41:58.000000', 6, 5),
        (765, '2023-04-02 16:27:20.000000', '2023-04-02 14:54:20.000000', 9, 3),
        (766, '2023-04-05 11:33:42.000000', '2023-04-05 09:57:42.000000', 7, 5),
        (767, '2023-04-05 19:42:50.000000', '2023-04-05 17:38:50.000000', 8, 1),
        (769, '2023-04-08 22:57:32.000000', '2023-04-08 21:24:32.000000', 3, 7),
        (770, '2023-04-01 21:50:35.000000', '2023-04-01 20:06:35.000000', 6, 3),
        (771, '2023-04-08 09:05:11.000000', '2023-04-08 07:21:11.000000', 6, 6),
        (772, '2023-04-11 19:11:56.000000', '2023-04-11 17:07:56.000000', 8, 7),
        (773, '2023-03-31 14:43:26.000000', '2023-03-31 12:51:26.000000', 5, 2),
        (774, '2023-04-12 05:48:30.000000', '2023-04-12 04:15:30.000000', 9, 4),
        (775, '2023-04-10 17:26:01.000000', '2023-04-10 15:22:01.000000', 8, 4),
        (777, '2023-04-08 02:38:39.000000', '2023-04-08 00:46:39.000000', 10, 1),
        (778, '2023-04-07 19:31:45.000000', '2023-04-07 17:30:45.000000', 4, 4),
        (779, '2023-04-08 21:24:00.000000', '2023-04-08 19:48:00.000000', 7, 4),
        (780, '2023-04-02 12:30:26.000000', '2023-04-02 10:54:26.000000', 7, 3),
        (781, '2023-04-13 20:43:35.000000', '2023-04-13 18:54:35.000000', 2, 4),
        (782, '2023-04-04 20:42:34.000000', '2023-04-04 19:06:34.000000', 7, 4),
        (784, '2023-04-12 15:34:04.000000', '2023-04-12 13:50:04.000000', 6, 1),
        (785, '2023-04-09 16:47:36.000000', '2023-04-09 14:43:36.000000', 8, 7),
        (788, '2023-04-11 04:54:01.000000', '2023-04-11 03:21:01.000000', 3, 6),
        (789, '2023-04-02 17:46:08.000000', '2023-04-02 16:02:08.000000', 6, 4),
        (790, '2023-04-10 00:25:25.000000', '2023-04-09 22:24:25.000000', 4, 7),
        (791, '2023-04-13 02:58:35.000000', '2023-04-13 01:09:35.000000', 2, 1),
        (792, '2023-04-07 23:54:28.000000', '2023-04-07 21:44:28.000000', 1, 2),
        (793, '2023-04-07 05:12:30.000000', '2023-04-07 03:36:30.000000', 7, 4),
        (796, '2023-04-12 02:27:47.000000', '2023-04-12 00:38:47.000000', 2, 5),
        (798, '2023-04-03 01:08:41.000000', '2023-04-02 23:24:41.000000', 6, 1),
        (799, '2023-04-11 02:47:19.000000', '2023-04-11 00:46:19.000000', 4, 4),
        (801, '2023-04-13 08:38:12.000000', '2023-04-13 07:02:12.000000', 7, 6),
        (802, '2023-04-01 07:49:08.000000', '2023-04-01 05:45:08.000000', 8, 6),
        (803, '2023-04-08 02:04:18.000000', '2023-04-08 00:00:18.000000', 8, 6),
        (805, '2023-04-09 19:12:30.000000', '2023-04-09 17:20:30.000000', 5, 3),
        (806, '2023-04-13 00:46:12.000000', '2023-04-12 22:42:12.000000', 8, 7),
        (807, '2023-04-04 00:04:55.000000', '2023-04-03 22:28:55.000000', 7, 2),
        (808, '2023-04-09 12:08:55.000000', '2023-04-09 10:35:55.000000', 3, 7),
        (809, '2023-04-12 04:30:38.000000', '2023-04-12 02:20:38.000000', 1, 1),
        (810, '2023-03-31 03:34:00.000000', '2023-03-31 02:01:00.000000', 9, 7),
        (811, '2023-04-07 09:54:15.000000', '2023-04-07 07:44:15.000000', 1, 3),
        (814, '2023-04-08 05:59:05.000000', '2023-04-08 04:10:05.000000', 2, 1),
        (816, '2023-04-13 11:06:12.000000', '2023-04-13 09:33:12.000000', 3, 4),
        (817, '2023-04-13 16:44:59.000000', '2023-04-13 15:00:59.000000', 6, 5),
        (818, '2023-04-10 17:43:50.000000', '2023-04-10 15:42:50.000000', 4, 5),
        (820, '2023-04-07 10:32:11.000000', '2023-04-07 08:22:11.000000', 1, 7),
        (821, '2023-04-13 10:55:33.000000', '2023-04-13 09:03:33.000000', 10, 3),
        (822, '2023-04-10 02:53:35.000000', '2023-04-10 01:20:35.000000', 3, 3),
        (823, '2023-03-31 13:49:39.000000', '2023-03-31 12:16:39.000000', 9, 7),
        (824, '2023-04-10 19:17:29.000000', '2023-04-10 17:13:29.000000', 8, 6),
        (826, '2023-04-11 14:13:23.000000', '2023-04-11 12:40:23.000000', 3, 5),
        (828, '2023-04-02 05:35:51.000000', '2023-04-02 03:51:51.000000', 6, 6),
        (829, '2023-04-13 02:34:27.000000', '2023-04-13 00:58:27.000000', 7, 5),
        (831, '2023-04-10 18:22:55.000000', '2023-04-10 16:33:55.000000', 2, 1),
        (832, '2023-04-07 06:06:50.000000', '2023-04-07 04:05:50.000000', 4, 1),
        (833, '2023-04-06 00:49:50.000000', '2023-04-05 22:57:50.000000', 10, 4),
        (834, '2023-04-12 00:03:37.000000', '2023-04-11 22:27:37.000000', 7, 7),
        (835, '2023-04-10 13:53:32.000000', '2023-04-10 11:49:32.000000', 8, 4),
        (836, '2023-04-01 07:37:43.000000', '2023-04-01 06:04:43.000000', 9, 3),
        (837, '2023-04-12 14:52:41.000000', '2023-04-12 12:48:41.000000', 8, 5),
        (838, '2023-04-06 20:58:42.000000', '2023-04-06 18:54:42.000000', 8, 6),
        (839, '2023-04-07 09:50:15.000000', '2023-04-07 07:49:15.000000', 4, 4),
        (842, '2023-04-13 19:40:13.000000', '2023-04-13 18:07:13.000000', 9, 3),
        (843, '2023-04-07 11:30:09.000000', '2023-04-07 09:46:09.000000', 6, 4),
        (845, '2023-04-11 22:32:10.000000', '2023-04-11 20:59:10.000000', 9, 1),
        (846, '2023-04-02 19:07:00.000000', '2023-04-02 17:15:00.000000', 10, 4),
        (847, '2023-04-10 14:24:20.000000', '2023-04-10 12:23:20.000000', 4, 4),
        (848, '2023-04-13 17:48:49.000000', '2023-04-13 16:15:49.000000', 3, 4),
        (849, '2023-04-02 16:22:33.000000', '2023-04-02 14:30:33.000000', 10, 1),
        (851, '2023-04-09 19:49:28.000000', '2023-04-09 17:39:28.000000', 1, 6),
        (852, '2023-04-13 13:00:19.000000', '2023-04-13 11:24:19.000000', 7, 3),
        (853, '2023-04-06 23:55:36.000000', '2023-04-06 22:03:36.000000', 10, 7),
        (854, '2023-04-08 19:03:20.000000', '2023-04-08 17:30:20.000000', 9, 5),
        (856, '2023-04-10 02:32:02.000000', '2023-04-10 00:31:02.000000', 4, 5),
        (857, '2023-04-08 08:51:06.000000', '2023-04-08 06:59:06.000000', 5, 3),
        (858, '2023-04-08 17:06:31.000000', '2023-04-08 15:14:31.000000', 10, 4),
        (859, '2023-04-07 05:54:34.000000', '2023-04-07 04:02:34.000000', 10, 5),
        (860, '2023-04-11 11:50:22.000000', '2023-04-11 09:58:22.000000', 10, 3),
        (861, '2023-04-11 11:34:31.000000', '2023-04-11 09:33:31.000000', 4, 3),
        (862, '2023-04-09 06:31:18.000000', '2023-04-09 04:58:18.000000', 9, 7),
        (863, '2023-04-09 06:27:56.000000', '2023-04-09 04:23:56.000000', 8, 1),
        (864, '2023-04-08 12:45:23.000000', '2023-04-08 10:35:23.000000', 1, 6),
        (865, '2023-04-04 06:50:29.000000', '2023-04-04 04:58:29.000000', 10, 6),
        (866, '2023-04-11 04:09:07.000000', '2023-04-11 02:17:07.000000', 10, 3),
        (867, '2023-04-12 10:18:37.000000', '2023-04-12 08:42:37.000000', 7, 3),
        (868, '2023-04-13 15:38:36.000000', '2023-04-13 13:54:36.000000', 6, 4),
        (869, '2023-04-11 05:01:42.000000', '2023-04-11 03:09:42.000000', 10, 7),
        (870, '2023-04-01 01:55:39.000000', '2023-04-01 00:03:39.000000', 10, 7),
        (871, '2023-03-31 07:07:04.000000', '2023-03-31 05:34:04.000000', 9, 4),
        (872, '2023-04-04 08:11:33.000000', '2023-04-04 06:35:33.000000', 7, 1),
        (873, '2023-04-10 06:27:33.000000', '2023-04-10 04:35:33.000000', 5, 1),
        (874, '2023-04-09 17:05:47.000000', '2023-04-09 15:32:47.000000', 9, 7),
        (875, '2023-04-12 10:32:54.000000', '2023-04-12 08:40:54.000000', 10, 7),
        (878, '2023-04-13 17:50:03.000000', '2023-04-13 15:58:03.000000', 5, 7),
        (879, '2023-04-02 03:57:05.000000', '2023-04-02 02:05:05.000000', 5, 6),
        (880, '2023-04-05 20:31:11.000000', '2023-04-05 18:55:11.000000', 7, 1),
        (882, '2023-04-08 10:49:20.000000', '2023-04-08 08:57:20.000000', 5, 5),
        (883, '2023-04-05 13:17:50.000000', '2023-04-05 11:44:50.000000', 9, 2),
        (885, '2023-04-13 13:51:22.000000', '2023-04-13 11:47:22.000000', 8, 4),
        (886, '2023-04-11 09:09:18.000000', '2023-04-11 07:36:18.000000', 3, 3),
        (889, '2023-04-02 10:00:04.000000', '2023-04-02 08:24:04.000000', 7, 6),
        (890, '2023-04-11 00:27:13.000000', '2023-04-10 22:35:13.000000', 5, 1),
        (892, '2023-04-12 19:34:13.000000', '2023-04-12 17:33:13.000000', 4, 2),
        (893, '2023-04-02 21:47:58.000000', '2023-04-02 19:55:58.000000', 10, 4),
        (895, '2023-04-02 16:41:45.000000', '2023-04-02 15:08:45.000000', 9, 5),
        (897, '2023-04-11 17:25:19.000000', '2023-04-11 15:41:19.000000', 6, 5),
        (898, '2023-04-04 04:28:17.000000', '2023-04-04 02:44:17.000000', 6, 3),
        (899, '2023-04-10 01:17:27.000000', '2023-04-09 23:25:27.000000', 5, 7),
        (900, '2023-04-11 11:33:00.000000', '2023-04-11 09:29:00.000000', 8, 5),
        (901, '2023-04-08 10:44:03.000000', '2023-04-08 08:40:03.000000', 8, 1),
        (902, '2023-04-08 15:49:25.000000', '2023-04-08 13:45:25.000000', 8, 4),
        (903, '2023-04-03 19:17:44.000000', '2023-04-03 17:44:44.000000', 9, 5),
        (904, '2023-04-12 14:09:09.000000', '2023-04-12 12:20:09.000000', 2, 2),
        (905, '2023-04-06 19:53:23.000000', '2023-04-06 18:20:23.000000', 9, 5),
        (906, '2023-04-13 00:31:38.000000', '2023-04-12 22:58:38.000000', 9, 6),
        (907, '2023-04-06 08:28:40.000000', '2023-04-06 06:24:40.000000', 8, 7),
        (908, '2023-04-13 18:29:39.000000', '2023-04-13 16:28:39.000000', 4, 5),
        (909, '2023-03-31 22:46:02.000000', '2023-03-31 20:54:02.000000', 10, 7),
        (910, '2023-04-13 00:38:07.000000', '2023-04-12 22:34:07.000000', 8, 2),
        (913, '2023-04-09 22:54:17.000000', '2023-04-09 21:05:17.000000', 2, 2),
        (914, '2023-04-07 10:05:05.000000', '2023-04-07 08:16:05.000000', 2, 4),
        (916, '2023-04-02 03:20:49.000000', '2023-04-02 01:47:49.000000', 9, 6),
        (917, '2023-04-07 11:51:43.000000', '2023-04-07 09:59:43.000000', 10, 3),
        (918, '2023-04-10 01:43:43.000000', '2023-04-09 23:54:43.000000', 2, 3),
        (919, '2023-04-01 15:25:25.000000', '2023-04-01 13:52:25.000000', 9, 6),
        (922, '2023-04-08 23:50:09.000000', '2023-04-08 21:58:09.000000', 5, 6),
        (924, '2023-03-31 05:32:43.000000', '2023-03-31 03:56:43.000000', 7, 3),
        (926, '2023-04-13 23:59:34.000000', '2023-04-13 22:15:34.000000', 6, 3),
        (928, '2023-04-07 08:29:15.000000', '2023-04-07 06:37:15.000000', 5, 5),
        (929, '2023-03-31 08:14:59.000000', '2023-03-31 06:22:59.000000', 10, 4),
        (930, '2023-04-03 03:00:01.000000', '2023-04-03 01:16:01.000000', 6, 3),
        (931, '2023-04-02 17:21:24.000000', '2023-04-02 15:37:24.000000', 6, 4),
        (932, '2023-04-06 11:07:42.000000', '2023-04-06 09:15:42.000000', 5, 4),
        (933, '2023-04-03 16:45:41.000000', '2023-04-03 14:53:41.000000', 10, 7),
        (935, '2023-04-12 18:21:47.000000', '2023-04-12 16:29:47.000000', 10, 3),
        (937, '2023-04-07 21:30:01.000000', '2023-04-07 19:57:01.000000', 9, 6),
        (938, '2023-04-06 13:35:25.000000', '2023-04-06 11:31:25.000000', 8, 5),
        (939, '2023-04-06 02:37:17.000000', '2023-04-06 00:45:17.000000', 5, 5),
        (940, '2023-04-06 08:07:30.000000', '2023-04-06 06:34:30.000000', 9, 7),
        (941, '2023-04-12 21:49:04.000000', '2023-04-12 19:45:04.000000', 8, 2),
        (942, '2023-04-11 04:39:57.000000', '2023-04-11 02:47:57.000000', 10, 7),
        (943, '2023-04-09 11:16:44.000000', '2023-04-09 09:40:44.000000', 7, 5),
        (944, '2023-04-12 03:39:52.000000', '2023-04-12 02:06:52.000000', 3, 4),
        (949, '2023-04-02 08:40:01.000000', '2023-04-02 06:48:01.000000', 5, 6),
        (950, '2023-04-12 12:47:47.000000', '2023-04-12 10:58:47.000000', 2, 1),
        (952, '2023-04-04 07:02:23.000000', '2023-04-04 05:29:23.000000', 9, 2),
        (953, '2023-04-12 09:01:23.000000', '2023-04-12 07:17:23.000000', 6, 6),
        (957, '2023-04-13 15:49:23.000000', '2023-04-13 14:16:23.000000', 9, 3),
        (959, '2023-04-12 09:38:00.000000', '2023-04-12 08:05:00.000000', 3, 3),
        (960, '2023-04-02 07:14:07.000000', '2023-04-02 05:22:07.000000', 10, 6),
        (962, '2023-03-31 11:29:18.000000', '2023-03-31 09:53:18.000000', 7, 1),
        (963, '2023-04-10 21:06:27.000000', '2023-04-10 19:33:27.000000', 9, 4),
        (965, '2023-04-11 13:26:04.000000', '2023-04-11 11:16:04.000000', 1, 4),
        (967, '2023-04-08 03:20:16.000000', '2023-04-08 01:36:16.000000', 6, 4),
        (969, '2023-04-13 01:16:04.000000', '2023-04-12 23:12:04.000000', 8, 4),
        (970, '2023-04-13 05:10:56.000000', '2023-04-13 03:00:56.000000', 1, 6),
        (971, '2023-03-31 18:17:18.000000', '2023-03-31 16:41:18.000000', 7, 4),
        (972, '2023-04-04 20:43:08.000000', '2023-04-04 19:07:08.000000', 7, 5),
        (973, '2023-04-12 05:51:05.000000', '2023-04-12 03:47:05.000000', 8, 3),
        (974, '2023-04-08 23:21:46.000000', '2023-04-08 21:20:46.000000', 4, 4),
        (975, '2023-04-12 11:54:34.000000', '2023-04-12 10:21:34.000000', 9, 6),
        (976, '2023-04-11 09:29:01.000000', '2023-04-11 07:37:01.000000', 10, 2),
        (977, '2023-04-13 22:02:15.000000', '2023-04-13 20:10:15.000000', 5, 7),
        (978, '2023-04-09 12:12:53.000000', '2023-04-09 10:20:53.000000', 10, 5),
        (979, '2023-04-10 17:03:14.000000', '2023-04-10 15:30:14.000000', 3, 1),
        (980, '2023-04-13 11:57:02.000000', '2023-04-13 10:24:02.000000', 3, 7),
        (982, '2023-04-07 13:51:17.000000', '2023-04-07 11:59:17.000000', 5, 7),
        (983, '2023-04-02 21:10:02.000000', '2023-04-02 19:26:02.000000', 6, 5),
        (984, '2023-04-09 01:01:51.000000', '2023-04-08 23:00:51.000000', 4, 5),
        (985, '2023-04-01 13:12:45.000000', '2023-04-01 11:20:45.000000', 5, 1),
        (986, '2023-04-02 01:54:14.000000', '2023-04-02 00:02:14.000000', 10, 6),
        (987, '2023-04-12 20:59:23.000000', '2023-04-12 19:07:23.000000', 10, 4),
        (989, '2023-04-09 13:07:10.000000', '2023-04-09 11:06:10.000000', 4, 1),
        (990, '2023-04-09 17:17:43.000000', '2023-04-09 15:07:43.000000', 1, 1),
        (991, '2023-04-12 10:42:17.000000', '2023-04-12 08:38:17.000000', 8, 4),
        (993, '2023-04-01 22:17:16.000000', '2023-04-01 20:44:16.000000', 9, 3),
        (994, '2023-04-07 22:31:23.000000', '2023-04-07 20:47:23.000000', 6, 5),
        (995, '2023-04-07 16:30:08.000000', '2023-04-07 14:38:08.000000', 10, 5),
        (996, '2023-04-11 13:44:35.000000', '2023-04-11 11:55:35.000000', 2, 1),
        (997, '2023-04-04 22:32:54.000000', '2023-04-04 20:48:54.000000', 6, 2),
        (998, '2023-04-12 00:58:48.000000', '2023-04-11 23:14:48.000000', 6, 1),
        (1000, '2023-04-13 19:38:08.000000', '2023-04-13 17:54:08.000000', 6, 1),
        (1701, '2023-04-02 11:35:14.000000', '2023-04-02 09:31:14.000000', 8, 1),
        (1702, '2023-04-09 20:43:13.000000', '2023-04-09 18:51:13.000000', 5, 4),
        (1703, '2023-04-05 17:36:58.000000', '2023-04-05 15:44:58.000000', 5, 2),
        (1705, '2023-03-31 08:42:40.000000', '2023-03-31 06:50:40.000000', 10, 2),
        (1706, '2023-04-11 03:58:56.000000', '2023-04-11 02:14:56.000000', 6, 5),
        (1707, '2023-04-09 14:52:44.000000', '2023-04-09 12:42:44.000000', 1, 4),
        (1708, '2023-03-31 15:57:25.000000', '2023-03-31 14:21:25.000000', 7, 1),
        (1709, '2023-04-08 02:42:14.000000', '2023-04-08 00:53:14.000000', 2, 3),
        (1710, '2023-04-10 02:58:20.000000', '2023-04-10 00:54:20.000000', 8, 7),
        (1711, '2023-04-08 19:59:04.000000', '2023-04-08 17:55:04.000000', 8, 2),
        (1712, '2023-04-09 20:08:00.000000', '2023-04-09 17:58:00.000000', 1, 7),
        (1713, '2023-04-10 23:15:51.000000', '2023-04-10 21:42:51.000000', 9, 2),
        (1714, '2023-04-10 01:55:14.000000', '2023-04-10 00:11:14.000000', 6, 5),
        (1715, '2023-04-13 20:12:00.000000', '2023-04-13 18:23:00.000000', 2, 1),
        (1716, '2023-04-05 00:29:50.000000', '2023-04-04 22:56:50.000000', 9, 5),
        (1717, '2023-04-07 23:43:54.000000', '2023-04-07 21:59:54.000000', 6, 5),
        (1718, '2023-04-01 12:16:30.000000', '2023-04-01 10:40:30.000000', 7, 4),
        (1719, '2023-04-03 10:17:01.000000', '2023-04-03 08:25:01.000000', 10, 3),
        (1720, '2023-04-09 12:49:29.000000', '2023-04-09 11:16:29.000000', 9, 5),
        (1722, '2023-04-07 00:20:39.000000', '2023-04-06 22:47:39.000000', 9, 1),
        (1725, '2023-04-13 04:45:08.000000', '2023-04-13 02:53:08.000000', 10, 1),
        (1726, '2023-04-09 09:47:45.000000', '2023-04-09 08:14:45.000000', 3, 5),
        (1727, '2023-04-09 14:24:55.000000', '2023-04-09 12:40:55.000000', 6, 4),
        (1728, '2023-04-08 16:02:25.000000', '2023-04-08 14:29:25.000000', 9, 1),
        (1729, '2023-04-01 20:07:06.000000', '2023-04-01 18:23:06.000000', 6, 1),
        (1731, '2023-04-01 18:22:12.000000', '2023-04-01 16:30:12.000000', 10, 1),
        (1732, '2023-04-09 08:43:32.000000', '2023-04-09 06:51:32.000000', 10, 6),
        (1734, '2023-04-11 18:12:35.000000', '2023-04-11 16:39:35.000000', 9, 2),
        (1735, '2023-04-07 13:15:21.000000', '2023-04-07 11:42:21.000000', 9, 2),
        (1736, '2023-04-12 08:48:52.000000', '2023-04-12 06:56:52.000000', 10, 2),
        (1737, '2023-04-10 08:35:21.000000', '2023-04-10 07:02:21.000000', 3, 7),
        (1738, '2023-04-09 02:17:03.000000', '2023-04-09 00:41:03.000000', 7, 6),
        (1739, '2023-04-06 21:00:07.000000', '2023-04-06 19:24:07.000000', 7, 2),
        (1740, '2023-04-11 10:24:39.000000', '2023-04-11 08:51:39.000000', 3, 5),
        (1741, '2023-04-09 00:22:14.000000', '2023-04-08 22:30:14.000000', 10, 1),
        (1742, '2023-04-07 00:19:34.000000', '2023-04-06 22:27:34.000000', 10, 2),
        (1743, '2023-04-08 12:32:22.000000', '2023-04-08 10:40:22.000000', 5, 1),
        (1744, '2023-04-12 21:18:18.000000', '2023-04-12 19:26:18.000000', 5, 6),
        (1745, '2023-04-11 22:06:58.000000', '2023-04-11 20:05:58.000000', 4, 2),
        (1746, '2023-04-08 00:13:46.000000', '2023-04-07 22:37:46.000000', 7, 5),
        (1748, '2023-04-11 16:56:21.000000', '2023-04-11 15:20:21.000000', 7, 3),
        (1749, '2023-04-01 19:33:19.000000', '2023-04-01 17:29:19.000000', 8, 1),
        (1751, '2023-04-10 23:53:02.000000', '2023-04-10 22:01:02.000000', 10, 3),
        (1753, '2023-04-07 21:52:09.000000', '2023-04-07 19:42:09.000000', 1, 3),
        (1754, '2023-04-09 07:53:56.000000', '2023-04-09 06:04:56.000000', 2, 6),
        (1755, '2023-04-09 16:29:24.000000', '2023-04-09 14:28:24.000000', 4, 3),
        (1756, '2023-04-04 00:42:22.000000', '2023-04-03 22:50:22.000000', 5, 7),
        (1757, '2023-04-10 00:33:24.000000', '2023-04-09 22:49:24.000000', 6, 6),
        (1758, '2023-04-13 04:49:54.000000', '2023-04-13 03:16:54.000000', 3, 7),
        (1759, '2023-04-12 18:55:35.000000', '2023-04-12 17:22:35.000000', 3, 4),
        (1762, '2023-03-31 16:33:38.000000', '2023-03-31 14:49:38.000000', 6, 4),
        (1764, '2023-04-07 05:48:42.000000', '2023-04-07 04:12:42.000000', 7, 6),
        (1766, '2023-04-05 22:29:13.000000', '2023-04-05 20:45:13.000000', 6, 5),
        (1767, '2023-04-03 02:58:03.000000', '2023-04-03 01:06:03.000000', 10, 1),
        (1768, '2023-04-13 01:33:15.000000', '2023-04-12 23:23:15.000000', 1, 5),
        (1770, '2023-04-08 00:13:07.000000', '2023-04-07 22:29:07.000000', 6, 3),
        (1774, '2023-04-13 06:46:20.000000', '2023-04-13 05:13:20.000000', 9, 3),
        (1776, '2023-04-04 10:42:28.000000', '2023-04-04 08:38:28.000000', 8, 5),
        (1777, '2023-04-02 18:11:34.000000', '2023-04-02 16:27:34.000000', 6, 3),
        (1778, '2023-04-06 01:19:52.000000', '2023-04-05 23:15:52.000000', 8, 6),
        (1780, '2023-04-13 00:30:59.000000', '2023-04-12 22:41:59.000000', 2, 7),
        (1783, '2023-04-12 00:55:35.000000', '2023-04-11 22:51:35.000000', 8, 4),
        (1784, '2023-04-01 15:22:46.000000', '2023-04-01 13:18:46.000000', 8, 4),
        (1785, '2023-03-31 21:05:30.000000', '2023-03-31 19:13:30.000000', 5, 7),
        (1786, '2023-04-07 16:30:46.000000', '2023-04-07 14:41:46.000000', 2, 4),
        (1787, '2023-04-12 11:42:38.000000', '2023-04-12 10:09:38.000000', 9, 7),
        (1788, '2023-04-09 05:04:26.000000', '2023-04-09 03:31:26.000000', 9, 4),
        (1789, '2023-04-09 19:25:10.000000', '2023-04-09 17:24:10.000000', 4, 2),
        (1790, '2023-04-07 23:18:01.000000', '2023-04-07 21:45:01.000000', 3, 5),
        (1792, '2023-04-08 04:50:51.000000', '2023-04-08 03:14:51.000000', 7, 2),
        (1794, '2023-04-09 23:41:42.000000', '2023-04-09 21:57:42.000000', 6, 4),
        (1798, '2023-04-02 20:48:56.000000', '2023-04-02 19:12:56.000000', 7, 7),
        (1799, '2023-04-05 20:57:24.000000', '2023-04-05 19:13:24.000000', 6, 3),
        (1801, '2023-04-05 07:13:19.000000', '2023-04-05 05:21:19.000000', 5, 2),
        (1802, '2023-04-09 22:29:12.000000', '2023-04-09 20:37:12.000000', 10, 3),
        (1806, '2023-04-11 14:25:49.000000', '2023-04-11 12:21:49.000000', 8, 1),
        (1807, '2023-04-03 15:15:44.000000', '2023-04-03 13:11:44.000000', 8, 7),
        (1808, '2023-04-13 22:18:20.000000', '2023-04-13 20:45:20.000000', 3, 3),
        (1809, '2023-03-31 07:45:00.000000', '2023-03-31 06:12:00.000000', 9, 2),
        (1811, '2023-04-03 03:40:47.000000', '2023-04-03 01:36:47.000000', 8, 1),
        (1814, '2023-04-03 21:47:09.000000', '2023-04-03 19:43:09.000000', 8, 6),
        (1815, '2023-04-12 13:21:33.000000', '2023-04-12 11:20:33.000000', 4, 4),
        (1816, '2023-04-03 17:19:43.000000', '2023-04-03 15:35:43.000000', 6, 1),
        (1818, '2023-04-11 04:50:24.000000', '2023-04-11 03:17:24.000000', 3, 5),
        (1819, '2023-04-07 12:16:15.000000', '2023-04-07 10:43:15.000000', 3, 6),
        (1820, '2023-04-05 04:05:29.000000', '2023-04-05 02:32:29.000000', 9, 1),
        (1821, '2023-04-10 14:54:42.000000', '2023-04-10 13:05:42.000000', 2, 3),
        (1822, '2023-04-08 05:13:03.000000', '2023-04-08 03:03:03.000000', 1, 6),
        (1823, '2023-04-12 06:39:42.000000', '2023-04-12 05:06:42.000000', 9, 1),
        (1824, '2023-04-07 12:04:20.000000', '2023-04-07 09:54:20.000000', 1, 2),
        (1825, '2023-04-04 02:06:25.000000', '2023-04-04 00:30:25.000000', 7, 1),
        (1826, '2023-04-07 18:07:27.000000', '2023-04-07 16:18:27.000000', 2, 6),
        (1827, '2023-04-12 14:12:28.000000', '2023-04-12 12:20:28.000000', 5, 1),
        (1828, '2023-04-10 19:40:28.000000', '2023-04-10 17:39:28.000000', 4, 6),
        (1829, '2023-04-11 22:56:59.000000', '2023-04-11 21:23:59.000000', 3, 5),
        (1830, '2023-04-12 08:35:04.000000', '2023-04-12 07:02:04.000000', 3, 6),
        (1831, '2023-04-01 10:28:02.000000', '2023-04-01 08:24:02.000000', 8, 1),
        (1832, '2023-04-12 18:04:54.000000', '2023-04-12 16:28:54.000000', 7, 7),
        (1834, '2023-04-02 02:45:36.000000', '2023-04-02 01:09:36.000000', 7, 7),
        (1835, '2023-04-08 01:46:06.000000', '2023-04-07 23:45:06.000000', 4, 6),
        (1836, '2023-04-05 16:22:11.000000', '2023-04-05 14:18:11.000000', 8, 7),
        (1837, '2023-04-06 06:10:22.000000', '2023-04-06 04:37:22.000000', 9, 1),
        (1839, '2023-04-13 23:01:08.000000', '2023-04-13 21:09:08.000000', 10, 2),
        (1840, '2023-04-05 10:57:33.000000', '2023-04-05 09:24:33.000000', 9, 4),
        (1841, '2023-04-13 08:05:44.000000', '2023-04-13 06:32:44.000000', 3, 4),
        (1842, '2023-04-07 00:03:50.000000', '2023-04-06 22:19:50.000000', 6, 3),
        (1843, '2023-04-06 13:43:12.000000', '2023-04-06 12:10:12.000000', 9, 6),
        (1844, '2023-04-07 13:12:33.000000', '2023-04-07 11:39:33.000000', 3, 5),
        (1846, '2023-04-11 05:37:02.000000', '2023-04-11 03:33:02.000000', 8, 3),
        (1847, '2023-04-13 13:03:28.000000', '2023-04-13 11:30:28.000000', 3, 1),
        (1848, '2023-04-10 16:37:30.000000', '2023-04-10 14:33:30.000000', 8, 2),
        (1851, '2023-04-07 18:14:25.000000', '2023-04-07 16:30:25.000000', 6, 2),
        (1852, '2023-04-04 05:27:41.000000', '2023-04-04 03:35:41.000000', 5, 1),
        (1853, '2023-04-02 19:51:24.000000', '2023-04-02 18:18:24.000000', 9, 2),
        (1854, '2023-04-06 15:41:05.000000', '2023-04-06 14:05:05.000000', 7, 3),
        (1855, '2023-04-11 04:15:28.000000', '2023-04-11 02:11:28.000000', 8, 6),
        (1856, '2023-04-10 20:55:10.000000', '2023-04-10 19:11:10.000000', 6, 4),
        (1857, '2023-04-03 05:08:22.000000', '2023-04-03 03:16:22.000000', 5, 1),
        (1859, '2023-03-31 17:39:33.000000', '2023-03-31 15:55:33.000000', 6, 1),
        (1860, '2023-04-13 19:34:38.000000', '2023-04-13 17:42:38.000000', 5, 7),
        (1861, '2023-04-14 00:39:55.000000', '2023-04-13 22:50:55.000000', 2, 1),
        (1862, '2023-04-06 05:19:48.000000', '2023-04-06 03:43:48.000000', 7, 3),
        (1863, '2023-04-04 17:32:20.000000', '2023-04-04 15:28:20.000000', 8, 7),
        (1865, '2023-04-12 08:16:23.000000', '2023-04-12 06:40:23.000000', 7, 5),
        (1866, '2023-04-01 09:00:15.000000', '2023-04-01 07:27:15.000000', 9, 3),
        (1868, '2023-04-09 15:16:12.000000', '2023-04-09 13:32:12.000000', 6, 6),
        (1870, '2023-04-11 22:07:50.000000', '2023-04-11 20:18:50.000000', 2, 7),
        (1871, '2023-04-07 04:09:15.000000', '2023-04-07 02:08:15.000000', 4, 6),
        (1872, '2023-04-13 15:40:00.000000', '2023-04-13 13:48:00.000000', 5, 6),
        (1873, '2023-03-31 14:52:20.000000', '2023-03-31 12:48:20.000000', 8, 7),
        (1876, '2023-04-03 07:22:37.000000', '2023-04-03 05:30:37.000000', 5, 4),
        (1879, '2023-04-04 18:32:07.000000', '2023-04-04 16:56:07.000000', 7, 5),
        (1881, '2023-04-01 09:00:38.000000', '2023-04-01 07:24:38.000000', 7, 4),
        (1882, '2023-04-07 11:19:46.000000', '2023-04-07 09:27:46.000000', 10, 5),
        (1883, '2023-04-13 02:04:59.000000', '2023-04-13 00:31:59.000000', 3, 6),
        (1884, '2023-04-04 11:49:55.000000', '2023-04-04 10:05:55.000000', 6, 1),
        (1887, '2023-04-02 16:05:08.000000', '2023-04-02 14:32:08.000000', 9, 3),
        (1888, '2023-04-01 03:57:43.000000', '2023-04-01 01:53:43.000000', 8, 5),
        (1889, '2023-04-13 01:34:04.000000', '2023-04-12 23:58:04.000000', 7, 4),
        (1890, '2023-04-11 20:50:04.000000', '2023-04-11 19:06:04.000000', 6, 7),
        (1891, '2023-03-31 08:15:56.000000', '2023-03-31 06:11:56.000000', 8, 2),
        (1892, '2023-04-03 17:24:49.000000', '2023-04-03 15:32:49.000000', 5, 5),
        (1894, '2023-04-07 10:21:26.000000', '2023-04-07 08:37:26.000000', 6, 3),
        (1895, '2023-04-05 12:04:32.000000', '2023-04-05 10:31:32.000000', 9, 7),
        (1896, '2023-04-08 00:26:33.000000', '2023-04-07 22:53:33.000000', 9, 1),
        (1897, '2023-04-02 05:31:40.000000', '2023-04-02 03:27:40.000000', 8, 6),
        (1899, '2023-04-11 05:44:12.000000', '2023-04-11 03:40:12.000000', 8, 3),
        (1900, '2023-04-06 17:28:44.000000', '2023-04-06 15:36:44.000000', 5, 1),
        (1901, '2023-04-07 03:20:31.000000', '2023-04-07 01:28:31.000000', 5, 1),
        (1902, '2023-03-31 15:32:51.000000', '2023-03-31 13:40:51.000000', 10, 6),
        (1903, '2023-04-09 21:42:28.000000', '2023-04-09 19:50:28.000000', 5, 3),
        (1904, '2023-04-09 10:43:09.000000', '2023-04-09 08:51:09.000000', 10, 5),
        (1905, '2023-04-09 07:06:37.000000', '2023-04-09 05:14:37.000000', 5, 3),
        (1906, '2023-04-02 20:30:59.000000', '2023-04-02 18:54:59.000000', 7, 6),
        (1907, '2023-04-10 03:56:39.000000', '2023-04-10 01:55:39.000000', 4, 4),
        (1908, '2023-04-01 18:28:14.000000', '2023-04-01 16:36:14.000000', 5, 2),
        (1910, '2023-04-10 20:19:01.000000', '2023-04-10 18:18:01.000000', 4, 6),
        (1913, '2023-04-08 14:39:14.000000', '2023-04-08 12:38:14.000000', 4, 7),
        (1914, '2023-04-10 12:26:39.000000', '2023-04-10 10:50:39.000000', 7, 4),
        (1916, '2023-04-03 12:13:45.000000', '2023-04-03 10:21:45.000000', 10, 2),
        (1917, '2023-04-13 17:27:09.000000', '2023-04-13 15:54:09.000000', 9, 2),
        (1919, '2023-04-13 14:10:50.000000', '2023-04-13 12:18:50.000000', 10, 1),
        (1920, '2023-04-09 07:56:33.000000', '2023-04-09 06:04:33.000000', 10, 6),
        (1921, '2023-04-05 20:09:25.000000', '2023-04-05 18:17:25.000000', 5, 3),
        (1922, '2023-04-04 13:46:26.000000', '2023-04-04 11:42:26.000000', 8, 5),
        (1924, '2023-04-08 19:22:32.000000', '2023-04-08 17:33:32.000000', 2, 3),
        (1925, '2023-04-06 09:03:36.000000', '2023-04-06 07:27:36.000000', 7, 6),
        (1926, '2023-04-01 21:32:42.000000', '2023-04-01 19:48:42.000000', 6, 7),
        (1929, '2023-04-08 05:32:52.000000', '2023-04-08 03:40:52.000000', 10, 6),
        (1931, '2023-04-07 12:38:03.000000', '2023-04-07 10:28:03.000000', 1, 3),
        (1932, '2023-03-31 10:10:18.000000', '2023-03-31 08:18:18.000000', 10, 3),
        (1934, '2023-04-11 18:04:04.000000', '2023-04-11 15:54:04.000000', 1, 3),
        (1935, '2023-04-11 13:14:14.000000', '2023-04-11 11:04:14.000000', 1, 3),
        (1936, '2023-04-05 18:57:33.000000', '2023-04-05 17:24:33.000000', 9, 7),
        (1938, '2023-04-09 04:18:49.000000', '2023-04-09 02:26:49.000000', 10, 6),
        (1940, '2023-04-05 08:54:24.000000', '2023-04-05 07:10:24.000000', 6, 7),
        (1941, '2023-04-13 06:23:51.000000', '2023-04-13 04:47:51.000000', 7, 5),
        (1942, '2023-04-07 16:08:27.000000', '2023-04-07 13:58:27.000000', 1, 5),
        (1946, '2023-04-01 19:54:49.000000', '2023-04-01 18:02:49.000000', 5, 4),
        (1947, '2023-04-04 20:44:36.000000', '2023-04-04 18:52:36.000000', 5, 2),
        (1948, '2023-04-09 05:42:36.000000', '2023-04-09 03:38:36.000000', 8, 3),
        (1949, '2023-04-12 14:47:23.000000', '2023-04-12 13:14:23.000000', 9, 4),
        (1952, '2023-04-05 18:52:08.000000', '2023-04-05 17:08:08.000000', 6, 4),
        (1953, '2023-04-10 07:24:24.000000', '2023-04-10 05:20:24.000000', 8, 4),
        (1954, '2023-04-07 07:16:20.000000', '2023-04-07 05:43:20.000000', 3, 7),
        (1955, '2023-04-10 06:13:39.000000', '2023-04-10 04:40:39.000000', 9, 1),
        (1957, '2023-04-03 20:21:02.000000', '2023-04-03 18:45:02.000000', 7, 7),
        (1958, '2023-04-05 21:06:22.000000', '2023-04-05 19:22:22.000000', 6, 2),
        (1959, '2023-03-31 19:46:38.000000', '2023-03-31 18:10:38.000000', 7, 6),
        (1960, '2023-04-06 14:57:26.000000', '2023-04-06 13:24:26.000000', 9, 6),
        (1961, '2023-03-31 10:28:03.000000', '2023-03-31 08:36:03.000000', 10, 3),
        (1965, '2023-04-11 03:14:33.000000', '2023-04-11 01:25:33.000000', 2, 5),
        (1966, '2023-04-13 10:25:56.000000', '2023-04-13 08:33:56.000000', 10, 5),
        (1967, '2023-04-09 20:11:34.000000', '2023-04-09 18:38:34.000000', 3, 3),
        (1968, '2023-04-01 20:21:41.000000', '2023-04-01 18:37:41.000000', 6, 4),
        (1969, '2023-04-09 09:12:53.000000', '2023-04-09 07:39:53.000000', 9, 2),
        (1970, '2023-04-01 13:02:08.000000', '2023-04-01 11:10:08.000000', 10, 1),
        (1972, '2023-04-10 12:31:58.000000', '2023-04-10 10:47:58.000000', 6, 1),
        (1973, '2023-04-06 05:34:02.000000', '2023-04-06 03:58:02.000000', 7, 5),
        (1974, '2023-04-13 21:37:16.000000', '2023-04-13 19:45:16.000000', 10, 5),
        (1975, '2023-04-01 23:40:35.000000', '2023-04-01 21:36:35.000000', 8, 2),
        (1976, '2023-04-03 18:49:06.000000', '2023-04-03 17:13:06.000000', 7, 3),
        (1977, '2023-04-12 22:45:19.000000', '2023-04-12 20:35:19.000000', 1, 4),
        (1978, '2023-04-11 01:05:11.000000', '2023-04-10 23:13:11.000000', 5, 7),
        (1980, '2023-04-05 09:36:42.000000', '2023-04-05 07:44:42.000000', 5, 4),
        (1981, '2023-04-09 13:31:23.000000', '2023-04-09 11:27:23.000000', 8, 4),
        (1983, '2023-04-12 23:21:39.000000', '2023-04-12 21:48:39.000000', 9, 2),
        (1985, '2023-04-07 18:28:09.000000', '2023-04-07 16:36:09.000000', 10, 7),
        (1987, '2023-04-10 16:14:17.000000', '2023-04-10 14:25:17.000000', 2, 4),
        (1988, '2023-04-11 23:23:30.000000', '2023-04-11 21:50:30.000000', 9, 4),
        (1990, '2023-04-02 15:17:58.000000', '2023-04-02 13:33:58.000000', 6, 5),
        (1991, '2023-03-31 22:11:37.000000', '2023-03-31 20:27:37.000000', 6, 3),
        (1993, '2023-04-04 14:53:05.000000', '2023-04-04 13:01:05.000000', 10, 4),
        (1994, '2023-04-13 12:22:09.000000', '2023-04-13 10:18:09.000000', 8, 1),
        (1995, '2023-04-08 00:05:02.000000', '2023-04-07 21:55:02.000000', 1, 7),
        (1996, '2023-04-11 23:48:34.000000', '2023-04-11 22:12:34.000000', 7, 3),
        (1998, '2023-04-13 14:08:53.000000', '2023-04-13 12:24:53.000000', 6, 7),
        (1999, '2023-04-06 23:12:23.000000', '2023-04-06 21:39:23.000000', 9, 1),
        (2000, '2023-04-10 18:47:05.000000', '2023-04-10 16:55:05.000000', 5, 5),
        (2001, '2023-04-12 21:21:46.000000', '2023-04-12 19:20:46.000000', 4, 1),
        (2006, '2023-03-31 06:03:54.000000', '2023-03-31 03:59:54.000000', 8, 1),
        (2008, '2023-04-09 21:05:29.000000', '2023-04-09 19:16:29.000000', 2, 1),
        (2010, '2023-04-12 06:12:59.000000', '2023-04-12 04:02:59.000000', 1, 1),
        (2011, '2023-04-01 22:28:13.000000', '2023-04-01 20:52:13.000000', 7, 7),
        (2013, '2023-04-12 03:52:10.000000', '2023-04-12 01:42:10.000000', 1, 4),
        (2014, '2023-04-06 00:50:32.000000', '2023-04-05 23:17:32.000000', 9, 7),
        (2016, '2023-04-08 14:17:44.000000', '2023-04-08 12:07:44.000000', 1, 1),
        (2017, '2023-04-02 23:04:21.000000', '2023-04-02 21:00:21.000000', 8, 7),
        (2018, '2023-04-12 16:41:31.000000', '2023-04-12 14:52:31.000000', 2, 2),
        (2019, '2023-04-07 17:24:03.000000', '2023-04-07 15:35:03.000000', 2, 1),
        (2021, '2023-04-07 08:31:01.000000', '2023-04-07 06:55:01.000000', 7, 2),
        (2022, '2023-04-06 21:19:41.000000', '2023-04-06 19:27:41.000000', 10, 1),
        (2023, '2023-04-05 09:14:54.000000', '2023-04-05 07:22:54.000000', 5, 7),
        (2024, '2023-04-12 01:43:04.000000', '2023-04-12 00:10:04.000000', 9, 1),
        (2025, '2023-03-31 03:35:50.000000', '2023-03-31 01:43:50.000000', 10, 3),
        (2026, '2023-04-11 16:39:24.000000', '2023-04-11 14:47:24.000000', 5, 4),
        (2027, '2023-04-12 12:16:04.000000', '2023-04-12 10:27:04.000000', 2, 6),
        (2029, '2023-04-14 01:57:11.000000', '2023-04-13 23:47:11.000000', 1, 2),
        (2034, '2023-04-09 12:03:01.000000', '2023-04-09 10:27:01.000000', 7, 7),
        (2035, '2023-04-12 23:56:01.000000', '2023-04-12 22:04:01.000000', 10, 2),
        (2038, '2023-04-08 07:25:07.000000', '2023-04-08 05:36:07.000000', 2, 4),
        (2040, '2023-04-03 14:03:03.000000', '2023-04-03 12:30:03.000000', 9, 1),
        (2041, '2023-04-08 15:33:47.000000', '2023-04-08 13:41:47.000000', 10, 1),
        (2042, '2023-04-03 19:54:18.000000', '2023-04-03 18:21:18.000000', 9, 3),
        (2043, '2023-04-02 07:19:52.000000', '2023-04-02 05:43:52.000000', 7, 5),
        (2044, '2023-04-09 18:09:46.000000', '2023-04-09 16:17:46.000000', 10, 1),
        (2046, '2023-04-12 22:57:19.000000', '2023-04-12 20:53:19.000000', 8, 2),
        (2047, '2023-04-11 23:40:44.000000', '2023-04-11 21:48:44.000000', 10, 3),
        (2048, '2023-04-06 11:15:33.000000', '2023-04-06 09:23:33.000000', 5, 6),
        (2050, '2023-04-07 14:17:23.000000', '2023-04-07 12:33:23.000000', 6, 6),
        (2052, '2023-04-11 07:22:47.000000', '2023-04-11 05:30:47.000000', 5, 4),
        (2053, '2023-04-07 04:28:17.000000', '2023-04-07 02:55:17.000000', 9, 5),
        (2058, '2023-04-02 12:41:15.000000', '2023-04-02 10:49:15.000000', 10, 7),
        (2059, '2023-04-04 07:48:30.000000', '2023-04-04 06:15:30.000000', 9, 2),
        (2060, '2023-04-09 04:54:29.000000', '2023-04-09 02:50:29.000000', 8, 2),
        (2062, '2023-04-06 22:00:41.000000', '2023-04-06 20:08:41.000000', 10, 4),
        (2063, '2023-04-10 11:03:54.000000', '2023-04-10 09:30:54.000000', 9, 2),
        (2064, '2023-04-07 12:14:24.000000', '2023-04-07 10:38:24.000000', 7, 2),
        (2066, '2023-04-06 23:59:49.000000', '2023-04-06 22:07:49.000000', 10, 7),
        (2067, '2023-04-03 04:12:34.000000', '2023-04-03 02:20:34.000000', 5, 7),
        (2069, '2023-04-05 05:10:44.000000', '2023-04-05 03:34:44.000000', 7, 2),
        (2071, '2023-04-01 07:14:15.000000', '2023-04-01 05:30:15.000000', 6, 2),
        (2072, '2023-04-09 02:19:54.000000', '2023-04-09 00:35:54.000000', 6, 7),
        (2073, '2023-04-04 07:48:13.000000', '2023-04-04 05:56:13.000000', 10, 1),
        (2074, '2023-04-10 22:21:05.000000', '2023-04-10 20:48:05.000000', 3, 2),
        (2076, '2023-04-11 17:18:45.000000', '2023-04-11 15:14:45.000000', 8, 2),
        (2079, '2023-04-09 06:49:04.000000', '2023-04-09 05:00:04.000000', 2, 7),
        (2080, '2023-04-10 23:12:09.000000', '2023-04-10 21:36:09.000000', 7, 3),
        (2081, '2023-04-06 19:35:29.000000', '2023-04-06 17:43:29.000000', 10, 3),
        (2082, '2023-04-01 15:15:13.000000', '2023-04-01 13:23:13.000000', 5, 2),
        (2083, '2023-04-05 02:43:42.000000', '2023-04-05 01:07:42.000000', 7, 1),
        (2085, '2023-04-04 17:28:02.000000', '2023-04-04 15:44:02.000000', 6, 7),
        (2086, '2023-04-11 23:17:48.000000', '2023-04-11 21:44:48.000000', 9, 2),
        (2088, '2023-04-12 10:32:11.000000', '2023-04-12 08:59:11.000000', 9, 1),
        (2089, '2023-04-10 04:36:56.000000', '2023-04-10 02:44:56.000000', 5, 7),
        (2090, '2023-03-31 20:05:10.000000', '2023-03-31 18:32:10.000000', 9, 6),
        (2093, '2023-04-13 03:02:28.000000', '2023-04-13 01:18:28.000000', 6, 2),
        (2094, '2023-04-06 14:45:04.000000', '2023-04-06 12:53:04.000000', 10, 1),
        (2095, '2023-04-10 06:03:57.000000', '2023-04-10 04:30:57.000000', 9, 4),
        (2096, '2023-04-13 08:20:47.000000', '2023-04-13 06:47:47.000000', 3, 2),
        (2097, '2023-04-09 09:03:52.000000', '2023-04-09 07:30:52.000000', 9, 7),
        (2098, '2023-04-09 15:52:59.000000', '2023-04-09 14:03:59.000000', 2, 4),
        (2099, '2023-04-03 12:35:55.000000', '2023-04-03 10:59:55.000000', 7, 2),
        (2100, '2023-04-04 01:13:27.000000', '2023-04-03 23:29:27.000000', 6, 2),
        (2101, '2023-04-11 21:57:48.000000', '2023-04-11 20:24:48.000000', 3, 1),
        (2102, '2023-04-07 13:39:51.000000', '2023-04-07 11:29:51.000000', 1, 1),
        (2103, '2023-04-05 21:26:38.000000', '2023-04-05 19:34:38.000000', 10, 6),
        (2104, '2023-04-07 19:53:46.000000', '2023-04-07 17:52:46.000000', 4, 4),
        (2106, '2023-04-11 12:29:24.000000', '2023-04-11 10:45:24.000000', 6, 2),
        (2107, '2023-04-10 12:30:57.000000', '2023-04-10 10:41:57.000000', 2, 5),
        (2108, '2023-04-13 02:53:32.000000', '2023-04-13 00:43:32.000000', 1, 7),
        (2109, '2023-04-03 01:35:03.000000', '2023-04-02 23:51:03.000000', 6, 5),
        (2110, '2023-04-01 09:40:44.000000', '2023-04-01 07:36:44.000000', 8, 2),
        (2111, '2023-04-08 00:42:50.000000', '2023-04-07 22:41:50.000000', 4, 6),
        (2112, '2023-04-09 16:32:58.000000', '2023-04-09 14:56:58.000000', 7, 2),
        (2113, '2023-03-31 15:34:02.000000', '2023-03-31 13:42:02.000000', 5, 3),
        (2114, '2023-04-02 01:20:06.000000', '2023-04-01 23:44:06.000000', 7, 2),
        (2118, '2023-03-31 21:13:37.000000', '2023-03-31 19:21:37.000000', 10, 3),
        (2119, '2023-04-10 18:46:50.000000', '2023-04-10 16:36:50.000000', 1, 2),
        (2120, '2023-04-03 13:48:42.000000', '2023-04-03 11:44:42.000000', 8, 4),
        (2121, '2023-04-11 20:22:44.000000', '2023-04-11 18:49:44.000000', 9, 4),
        (2122, '2023-04-12 10:54:56.000000', '2023-04-12 09:02:56.000000', 10, 1),
        (2123, '2023-04-13 01:05:23.000000', '2023-04-12 23:04:23.000000', 4, 2),
        (2124, '2023-04-03 07:31:38.000000', '2023-04-03 05:27:38.000000', 8, 6),
        (2125, '2023-04-12 07:55:19.000000', '2023-04-12 06:03:19.000000', 5, 6),
        (2127, '2023-04-07 14:41:43.000000', '2023-04-07 12:31:43.000000', 1, 7),
        (2129, '2023-04-09 13:41:49.000000', '2023-04-09 11:57:49.000000', 6, 7),
        (2130, '2023-04-12 10:38:05.000000', '2023-04-12 09:05:05.000000', 3, 7),
        (2133, '2023-04-08 01:03:31.000000', '2023-04-07 23:30:31.000000', 9, 6),
        (2135, '2023-04-06 13:42:04.000000', '2023-04-06 11:50:04.000000', 5, 6),
        (2137, '2023-04-03 17:02:42.000000', '2023-04-03 15:26:42.000000', 7, 5),
        (2138, '2023-04-10 19:42:27.000000', '2023-04-10 17:58:27.000000', 6, 6),
        (2139, '2023-04-04 23:01:26.000000', '2023-04-04 21:17:26.000000', 6, 4),
        (2140, '2023-04-13 09:37:31.000000', '2023-04-13 08:04:31.000000', 9, 4),
        (2141, '2023-04-07 12:43:36.000000', '2023-04-07 10:51:36.000000', 10, 2),
        (2144, '2023-04-10 10:59:11.000000', '2023-04-10 09:15:11.000000', 6, 6),
        (2145, '2023-04-03 06:37:13.000000', '2023-04-03 05:04:13.000000', 9, 1),
        (2147, '2023-04-07 17:14:46.000000', '2023-04-07 15:10:46.000000', 8, 5),
        (2148, '2023-04-04 04:31:55.000000', '2023-04-04 02:39:55.000000', 5, 5),
        (2152, '2023-04-02 17:10:22.000000', '2023-04-02 15:34:22.000000', 7, 3),
        (2153, '2023-04-09 06:02:46.000000', '2023-04-09 04:10:46.000000', 10, 6),
        (2154, '2023-04-10 16:48:20.000000', '2023-04-10 14:47:20.000000', 4, 7),
        (2156, '2023-04-08 07:03:27.000000', '2023-04-08 04:53:27.000000', 1, 5),
        (2158, '2023-04-08 00:37:50.000000', '2023-04-07 22:33:50.000000', 8, 5),
        (2159, '2023-04-09 11:00:08.000000', '2023-04-09 08:50:08.000000', 1, 6),
        (2161, '2023-04-11 09:32:52.000000', '2023-04-11 07:22:52.000000', 1, 5),
        (2163, '2023-04-09 10:07:52.000000', '2023-04-09 08:23:52.000000', 6, 2),
        (2164, '2023-04-01 07:22:22.000000', '2023-04-01 05:49:22.000000', 9, 6),
        (2165, '2023-04-12 04:39:37.000000', '2023-04-12 03:06:37.000000', 3, 1),
        (2166, '2023-04-06 16:35:04.000000', '2023-04-06 15:02:04.000000', 9, 6),
        (2167, '2023-04-12 16:03:07.000000', '2023-04-12 14:27:07.000000', 7, 2),
        (2168, '2023-04-08 20:39:00.000000', '2023-04-08 18:38:00.000000', 4, 6),
        (2170, '2023-04-08 15:33:10.000000', '2023-04-08 13:49:10.000000', 6, 7),
        (2173, '2023-04-11 16:25:12.000000', '2023-04-11 14:33:12.000000', 5, 4),
        (2174, '2023-03-31 09:06:54.000000', '2023-03-31 07:30:54.000000', 7, 5),
        (2175, '2023-04-13 03:35:32.000000', '2023-04-13 01:31:32.000000', 8, 4),
        (2177, '2023-04-04 12:36:10.000000', '2023-04-04 10:44:10.000000', 5, 7),
        (2179, '2023-04-11 07:01:31.000000', '2023-04-11 05:28:31.000000', 3, 6),
        (2180, '2023-04-11 17:31:35.000000', '2023-04-11 15:30:35.000000', 4, 7),
        (2182, '2023-04-06 21:18:04.000000', '2023-04-06 19:26:04.000000', 5, 3),
        (2183, '2023-04-11 20:29:57.000000', '2023-04-11 18:28:57.000000', 4, 2),
        (2184, '2023-04-01 05:57:39.000000', '2023-04-01 04:05:39.000000', 5, 5),
        (2187, '2023-04-08 22:16:48.000000', '2023-04-08 20:32:48.000000', 6, 5),
        (2188, '2023-04-10 18:53:34.000000', '2023-04-10 16:52:34.000000', 4, 4),
        (2189, '2023-04-07 14:36:11.000000', '2023-04-07 12:47:11.000000', 2, 4),
        (2190, '2023-04-08 00:38:22.000000', '2023-04-07 22:46:22.000000', 5, 3),
        (2191, '2023-04-10 01:34:05.000000', '2023-04-09 23:42:05.000000', 5, 3),
        (2192, '2023-04-07 17:38:33.000000', '2023-04-07 16:05:33.000000', 9, 6),
        (2193, '2023-04-04 13:19:34.000000', '2023-04-04 11:35:34.000000', 6, 7),
        (2194, '2023-04-13 06:23:27.000000', '2023-04-13 04:19:27.000000', 8, 5),
        (2195, '2023-04-07 04:06:43.000000', '2023-04-07 02:33:43.000000', 9, 3),
        (2197, '2023-04-01 23:16:08.000000', '2023-04-01 21:12:08.000000', 8, 2),
        (2198, '2023-04-03 20:14:59.000000', '2023-04-03 18:41:59.000000', 9, 7),
        (2199, '2023-04-02 15:01:35.000000', '2023-04-02 13:09:35.000000', 10, 3),
        (2200, '2023-04-11 20:47:20.000000', '2023-04-11 18:55:20.000000', 5, 2),
        (2201, '2023-04-10 13:22:35.000000', '2023-04-10 11:49:35.000000', 9, 2),
        (2206, '2023-04-11 19:19:53.000000', '2023-04-11 17:46:53.000000', 3, 1),
        (2207, '2023-04-04 16:05:41.000000', '2023-04-04 14:13:41.000000', 5, 1),
        (2209, '2023-04-06 04:42:59.000000', '2023-04-06 02:58:59.000000', 6, 6),
        (2210, '2023-04-07 15:00:30.000000', '2023-04-07 12:56:30.000000', 8, 6),
        (2212, '2023-04-08 05:26:36.000000', '2023-04-08 03:16:36.000000', 1, 1),
        (2213, '2023-04-05 02:12:58.000000', '2023-04-05 00:08:58.000000', 8, 2),
        (2215, '2023-04-05 22:50:15.000000', '2023-04-05 21:17:15.000000', 9, 3),
        (2216, '2023-04-08 00:48:36.000000', '2023-04-07 22:56:36.000000', 10, 6),
        (2217, '2023-04-11 08:13:01.000000', '2023-04-11 06:12:01.000000', 4, 3),
        (2218, '2023-04-02 18:59:16.000000', '2023-04-02 17:23:16.000000', 7, 1),
        (2219, '2023-04-01 20:26:24.000000', '2023-04-01 18:22:24.000000', 8, 7),
        (2220, '2023-04-05 02:48:17.000000', '2023-04-05 01:12:17.000000', 7, 6),
        (2223, '2023-04-13 14:39:51.000000', '2023-04-13 12:47:51.000000', 5, 5),
        (2225, '2023-04-11 03:12:37.000000', '2023-04-11 01:08:37.000000', 8, 2),
        (2226, '2023-04-08 01:34:08.000000', '2023-04-07 23:30:08.000000', 8, 2),
        (2227, '2023-04-08 20:05:30.000000', '2023-04-08 18:01:30.000000', 8, 3),
        (2229, '2023-04-11 14:23:03.000000', '2023-04-11 12:47:03.000000', 7, 6),
        (2230, '2023-04-06 03:22:22.000000', '2023-04-06 01:18:22.000000', 8, 7),
        (2231, '2023-04-11 17:46:17.000000', '2023-04-11 15:54:17.000000', 10, 1),
        (2232, '2023-03-31 23:13:08.000000', '2023-03-31 21:21:08.000000', 10, 6),
        (2233, '2023-04-11 16:04:33.000000', '2023-04-11 14:20:33.000000', 6, 3),
        (2234, '2023-04-01 01:50:33.000000', '2023-04-01 00:17:33.000000', 9, 3),
        (2235, '2023-04-01 08:46:18.000000', '2023-04-01 07:02:18.000000', 6, 4),
        (2237, '2023-04-09 00:21:41.000000', '2023-04-08 22:11:41.000000', 1, 7),
        (2239, '2023-04-11 03:33:51.000000', '2023-04-11 02:00:51.000000', 3, 5),
        (2240, '2023-04-03 03:18:18.000000', '2023-04-03 01:26:18.000000', 5, 5),
        (2241, '2023-04-10 12:12:25.000000', '2023-04-10 10:11:25.000000', 4, 1),
        (2242, '2023-04-07 06:44:45.000000', '2023-04-07 05:00:45.000000', 6, 7),
        (2243, '2023-04-05 05:42:20.000000', '2023-04-05 03:50:20.000000', 10, 2),
        (2245, '2023-04-09 18:08:33.000000', '2023-04-09 16:04:33.000000', 8, 6),
        (2246, '2023-04-03 00:16:46.000000', '2023-04-02 22:32:46.000000', 6, 4),
        (2247, '2023-04-02 03:02:00.000000', '2023-04-02 01:29:00.000000', 9, 1),
        (2250, '2023-04-04 12:25:13.000000', '2023-04-04 10:41:13.000000', 6, 2),
        (2251, '2023-04-09 06:12:04.000000', '2023-04-09 04:02:04.000000', 1, 3),
        (2252, '2023-04-02 07:41:45.000000', '2023-04-02 05:57:45.000000', 6, 1),
        (2253, '2023-03-31 05:35:43.000000', '2023-03-31 03:51:43.000000', 6, 4),
        (2254, '2023-04-07 23:32:03.000000', '2023-04-07 21:48:03.000000', 6, 1),
        (2255, '2023-04-05 16:59:16.000000', '2023-04-05 15:07:16.000000', 5, 4),
        (2256, '2023-04-10 23:35:25.000000', '2023-04-10 21:46:25.000000', 2, 1),
        (2258, '2023-04-01 22:18:42.000000', '2023-04-01 20:34:42.000000', 6, 1),
        (2260, '2023-04-10 03:41:10.000000', '2023-04-10 01:40:10.000000', 4, 6),
        (2261, '2023-04-01 02:53:36.000000', '2023-04-01 01:01:36.000000', 10, 6),
        (2262, '2023-04-05 07:07:26.000000', '2023-04-05 05:34:26.000000', 9, 3),
        (2264, '2023-04-06 19:03:39.000000', '2023-04-06 17:27:39.000000', 7, 5),
        (2266, '2023-04-08 09:23:37.000000', '2023-04-08 07:31:37.000000', 10, 7),
        (2267, '2023-04-01 12:44:03.000000', '2023-04-01 11:11:03.000000', 9, 4),
        (2268, '2023-04-02 04:02:20.000000', '2023-04-02 02:10:20.000000', 10, 7),
        (2269, '2023-04-05 12:00:08.000000', '2023-04-05 10:24:08.000000', 7, 2),
        (2270, '2023-04-13 06:26:50.000000', '2023-04-13 04:53:50.000000', 3, 2),
        (2272, '2023-04-11 15:56:30.000000', '2023-04-11 14:07:30.000000', 2, 6),
        (2273, '2023-04-10 09:33:39.000000', '2023-04-10 08:00:39.000000', 9, 6),
        (2274, '2023-04-08 23:50:06.000000', '2023-04-08 22:01:06.000000', 2, 1),
        (2275, '2023-03-31 10:19:37.000000', '2023-03-31 08:46:37.000000', 9, 6),
        (2276, '2023-04-12 02:13:58.000000', '2023-04-12 00:21:58.000000', 10, 5),
        (2277, '2023-04-03 01:54:38.000000', '2023-04-03 00:10:38.000000', 6, 5),
        (2280, '2023-04-01 21:20:59.000000', '2023-04-01 19:16:59.000000', 8, 1),
        (2281, '2023-04-07 22:31:57.000000', '2023-04-07 20:27:57.000000', 8, 3),
        (2287, '2023-04-05 02:28:48.000000', '2023-04-05 00:36:48.000000', 10, 1),
        (2289, '2023-04-10 08:49:06.000000', '2023-04-10 07:13:06.000000', 7, 6),
        (2290, '2023-04-13 05:16:12.000000', '2023-04-13 03:24:12.000000', 10, 3),
        (2291, '2023-04-06 04:24:17.000000', '2023-04-06 02:32:17.000000', 10, 4),
        (2292, '2023-04-04 19:42:46.000000', '2023-04-04 17:50:46.000000', 5, 4),
        (2293, '2023-04-03 07:13:50.000000', '2023-04-03 05:21:50.000000', 5, 4),
        (2295, '2023-04-07 08:27:54.000000', '2023-04-07 06:54:54.000000', 9, 7),
        (2296, '2023-04-11 18:35:57.000000', '2023-04-11 16:43:57.000000', 5, 3),
        (2297, '2023-04-03 18:24:58.000000', '2023-04-03 16:48:58.000000', 7, 1),
        (2298, '2023-04-07 00:00:02.000000', '2023-04-06 22:16:02.000000', 6, 1),
        (2301, '2023-04-06 00:09:07.000000', '2023-04-05 22:17:07.000000', 5, 1),
        (2302, '2023-04-12 07:23:03.000000', '2023-04-12 05:31:03.000000', 10, 7),
        (2304, '2023-04-07 20:06:40.000000', '2023-04-07 18:33:40.000000', 3, 4),
        (2308, '2023-04-04 22:15:44.000000', '2023-04-04 20:31:44.000000', 6, 7),
        (2310, '2023-04-10 01:01:39.000000', '2023-04-09 23:09:39.000000', 10, 1),
        (2312, '2023-04-09 07:53:36.000000', '2023-04-09 06:20:36.000000', 9, 7),
        (2313, '2023-04-07 08:42:21.000000', '2023-04-07 06:41:21.000000', 4, 1),
        (2314, '2023-04-13 19:32:09.000000', '2023-04-13 17:28:09.000000', 8, 7),
        (2315, '2023-04-13 03:12:24.000000', '2023-04-13 01:39:24.000000', 9, 1),
        (2316, '2023-04-08 17:37:08.000000', '2023-04-08 16:01:08.000000', 7, 2),
        (2317, '2023-04-08 18:29:11.000000', '2023-04-08 16:28:11.000000', 4, 2),
        (2321, '2023-04-09 03:50:45.000000', '2023-04-09 01:40:45.000000', 1, 5),
        (2323, '2023-04-13 16:11:32.000000', '2023-04-13 14:38:32.000000', 3, 3),
        (2324, '2023-04-13 21:55:23.000000', '2023-04-13 20:03:23.000000', 5, 3),
        (2326, '2023-04-04 03:22:00.000000', '2023-04-04 01:30:00.000000', 10, 1),
        (2328, '2023-04-07 05:09:21.000000', '2023-04-07 03:08:21.000000', 4, 5),
        (2331, '2023-04-03 18:01:12.000000', '2023-04-03 16:09:12.000000', 10, 3),
        (2335, '2023-04-11 19:31:09.000000', '2023-04-11 17:47:09.000000', 6, 4),
        (2336, '2023-04-01 15:19:18.000000', '2023-04-01 13:35:18.000000', 6, 7),
        (2338, '2023-04-13 00:18:40.000000', '2023-04-12 22:29:40.000000', 2, 6),
        (2339, '2023-04-08 11:28:06.000000', '2023-04-08 09:52:06.000000', 7, 6),
        (2340, '2023-04-12 11:56:20.000000', '2023-04-12 10:23:20.000000', 9, 7),
        (2343, '2023-04-12 22:04:44.000000', '2023-04-12 20:12:44.000000', 10, 3),
        (2344, '2023-04-13 20:41:57.000000', '2023-04-13 18:57:57.000000', 6, 3),
        (2345, '2023-04-11 22:55:41.000000', '2023-04-11 20:54:41.000000', 4, 5),
        (2346, '2023-04-08 12:06:19.000000', '2023-04-08 10:05:19.000000', 4, 4),
        (2347, '2023-04-10 04:09:34.000000', '2023-04-10 02:05:34.000000', 8, 2),
        (2348, '2023-04-13 11:12:11.000000', '2023-04-13 09:08:11.000000', 8, 3),
        (2349, '2023-04-10 03:57:09.000000', '2023-04-10 02:24:09.000000', 3, 5),
        (2350, '2023-04-12 02:34:35.000000', '2023-04-12 00:24:35.000000', 1, 1),
        (2351, '2023-04-02 12:19:26.000000', '2023-04-02 10:27:26.000000', 5, 3),
        (2352, '2023-04-09 00:47:49.000000', '2023-04-08 22:55:49.000000', 5, 1),
        (2353, '2023-04-06 03:14:57.000000', '2023-04-06 01:38:57.000000', 7, 6),
        (2355, '2023-04-13 23:57:28.000000', '2023-04-13 22:13:28.000000', 6, 7),
        (2356, '2023-04-05 16:30:19.000000', '2023-04-05 14:46:19.000000', 6, 3),
        (2358, '2023-04-04 23:30:23.000000', '2023-04-04 21:38:23.000000', 5, 7),
        (2359, '2023-04-01 19:35:39.000000', '2023-04-01 17:43:39.000000', 5, 3),
        (2360, '2023-04-09 12:47:26.000000', '2023-04-09 10:37:26.000000', 1, 3),
        (2361, '2023-04-04 00:40:05.000000', '2023-04-03 22:48:05.000000', 10, 7),
        (2364, '2023-04-12 18:50:53.000000', '2023-04-12 17:01:53.000000', 2, 4),
        (2365, '2023-04-10 02:05:40.000000', '2023-04-10 00:29:40.000000', 7, 2),
        (2366, '2023-04-11 22:16:46.000000', '2023-04-11 20:43:46.000000', 3, 3),
        (2368, '2023-04-04 20:27:02.000000', '2023-04-04 18:54:02.000000', 9, 7),
        (2369, '2023-04-07 02:29:04.000000', '2023-04-07 00:45:04.000000', 6, 2),
        (2370, '2023-04-10 00:37:27.000000', '2023-04-09 22:53:27.000000', 6, 7),
        (2371, '2023-04-02 16:25:42.000000', '2023-04-02 14:52:42.000000', 9, 1),
        (2372, '2023-04-03 05:25:25.000000', '2023-04-03 03:49:25.000000', 7, 7),
        (2374, '2023-04-11 06:18:09.000000', '2023-04-11 04:08:09.000000', 1, 6),
        (2375, '2023-04-03 01:22:50.000000', '2023-04-02 23:38:50.000000', 6, 1),
        (2377, '2023-04-07 20:25:45.000000', '2023-04-07 18:33:45.000000', 10, 5),
        (2378, '2023-04-07 16:06:18.000000', '2023-04-07 14:30:18.000000', 7, 5),
        (2382, '2023-04-07 10:22:45.000000', '2023-04-07 08:21:45.000000', 4, 4),
        (2383, '2023-04-06 13:54:50.000000', '2023-04-06 12:21:50.000000', 9, 1),
        (2385, '2023-04-11 15:18:12.000000', '2023-04-11 13:29:12.000000', 2, 4),
        (2386, '2023-04-06 14:26:05.000000', '2023-04-06 12:42:05.000000', 6, 5),
        (2387, '2023-04-13 14:37:04.000000', '2023-04-13 12:36:04.000000', 4, 7),
        (2388, '2023-04-07 20:05:06.000000', '2023-04-07 17:55:06.000000', 1, 6),
        (2389, '2023-04-12 17:50:43.000000', '2023-04-12 15:49:43.000000', 4, 7),
        (2391, '2023-04-05 22:43:23.000000', '2023-04-05 21:07:23.000000', 7, 7),
        (2392, '2023-03-31 18:26:50.000000', '2023-03-31 16:50:50.000000', 7, 2),
        (2393, '2023-04-10 02:36:59.000000', '2023-04-10 00:32:59.000000', 8, 5),
        (2397, '2023-04-02 03:49:45.000000', '2023-04-02 02:05:45.000000', 6, 7),
        (2398, '2023-04-04 09:53:54.000000', '2023-04-04 08:17:54.000000', 7, 6),
        (2399, '2023-04-05 01:58:52.000000', '2023-04-05 00:25:52.000000', 9, 3);
insert into ticketify.ticket (id, booked, price, seat_id, show_time_id, transaction_id)
values  (1, true, 50000.00, 181, 1, 12),
        (2, true, 50000.00, 182, 1, 12),
        (3, false, 50000.00, 183, 1, null),
        (4, false, 50000.00, 184, 1, null),
        (5, false, 50000.00, 185, 1, null),
        (6, false, 50000.00, 186, 1, null),
        (7, false, 50000.00, 187, 1, null),
        (8, false, 50000.00, 188, 1, null),
        (9, false, 50000.00, 189, 1, null),
        (10, false, 50000.00, 190, 1, null),
        (11, false, 50000.00, 191, 1, null),
        (12, false, 50000.00, 192, 1, null),
        (13, false, 50000.00, 193, 1, null),
        (14, false, 50000.00, 194, 1, null),
        (15, false, 50000.00, 195, 1, null),
        (16, false, 50000.00, 196, 1, null),
        (17, false, 50000.00, 197, 1, null),
        (18, false, 50000.00, 198, 1, null),
        (19, false, 50000.00, 199, 1, null),
        (20, false, 50000.00, 200, 1, null),
        (21, false, 50000.00, 201, 1, null),
        (22, false, 50000.00, 202, 1, null),
        (23, false, 50000.00, 203, 1, null),
        (24, false, 50000.00, 204, 1, null),
        (25, false, 50000.00, 205, 1, null),
        (26, false, 50000.00, 206, 1, null),
        (27, false, 50000.00, 207, 1, null),
        (28, false, 50000.00, 208, 1, null),
        (29, false, 50000.00, 209, 1, null),
        (30, false, 50000.00, 210, 1, null),
        (31, false, 50000.00, 211, 1, null),
        (32, false, 50000.00, 212, 1, null),
        (33, false, 50000.00, 213, 1, null),
        (34, false, 50000.00, 214, 1, null),
        (35, false, 50000.00, 215, 1, null),
        (36, false, 50000.00, 216, 1, null),
        (37, false, 50000.00, 217, 1, null),
        (38, false, 50000.00, 218, 1, null),
        (39, false, 50000.00, 219, 1, null),
        (40, false, 50000.00, 220, 1, null),
        (41, false, 50000.00, 221, 1, null),
        (42, false, 50000.00, 222, 1, null),
        (43, false, 50000.00, 223, 1, null),
        (44, false, 50000.00, 224, 1, null),
        (45, false, 50000.00, 225, 1, null),
        (46, false, 50000.00, 226, 1, null),
        (47, false, 50000.00, 227, 1, null),
        (48, false, 50000.00, 228, 1, null),
        (49, false, 50000.00, 229, 1, null),
        (50, false, 50000.00, 230, 1, null),
        (51, false, 50000.00, 231, 1, null),
        (52, false, 50000.00, 232, 1, null),
        (53, false, 50000.00, 233, 1, null),
        (54, false, 50000.00, 234, 1, null),
        (55, false, 50000.00, 235, 1, null),
        (56, false, 50000.00, 236, 1, null),
        (57, false, 50000.00, 237, 1, null),
        (58, false, 50000.00, 238, 1, null),
        (59, false, 50000.00, 239, 1, null),
        (60, false, 50000.00, 240, 1, null),
        (61, false, 50000.00, 241, 1, null),
        (62, false, 50000.00, 242, 1, null),
        (63, false, 50000.00, 243, 1, null),
        (64, false, 50000.00, 244, 1, null),
        (65, false, 50000.00, 245, 1, null),
        (66, false, 50000.00, 246, 1, null),
        (67, false, 50000.00, 247, 1, null),
        (68, false, 50000.00, 248, 1, null),
        (69, false, 50000.00, 249, 1, null),
        (70, false, 50000.00, 250, 1, null),
        (71, false, 50000.00, 251, 1, null),
        (72, false, 50000.00, 252, 1, null),
        (73, false, 50000.00, 253, 1, null),
        (74, false, 50000.00, 254, 1, null),
        (75, false, 50000.00, 255, 1, null),
        (76, false, 50000.00, 256, 1, null),
        (77, false, 50000.00, 257, 1, null),
        (78, false, 50000.00, 258, 1, null),
        (79, false, 50000.00, 259, 1, null),
        (80, false, 50000.00, 260, 1, null),
        (81, false, 110000.00, 261, 1, null),
        (82, false, 110000.00, 262, 1, null),
        (83, false, 110000.00, 263, 1, null),
        (84, false, 110000.00, 264, 1, null),
        (85, false, 110000.00, 265, 1, null),
        (86, false, 110000.00, 266, 1, null),
        (87, false, 110000.00, 267, 1, null),
        (88, false, 110000.00, 268, 1, null),
        (89, false, 110000.00, 269, 1, null),
        (90, false, 110000.00, 270, 1, null);